"latitude","longitude","count"
"34.0983","174.2130","1"
"21.3329","158.0524","99"
"13.4891","144.7774","1"
"31.5043","97.1501","84"
"32.8749","96.9443","177"
"36.6543","79.8799","5"
"44.9056","-68.6913","15"
"44.8278","-68.7525","37"
"44.7908","-68.8097","3"
"44.5445","-69.6670","2"
"44.3351","-69.7727","1"
"40.0348","-69.9534","82"
"41.6823","-69.9602","6"
"43.9376","-69.9820","12"
"41.6928","-70.1505","16"
"44.6701","-70.1532","2"
"44.1275","-70.2261","11"
"43.7209","-70.2351","44"
"43.6574","-70.2558","16"
"41.6652","-70.2878","17"
"43.8497","-70.4497","14"
"41.7111","-70.4905","8"
"41.3902","-70.5142","2"
"41.5619","-70.5959","6"
"41.4521","-70.5990","2"
"41.9689","-70.7168","9"
"43.4147","-70.7452","3"
"43.0946","-70.8009","12"
"42.2411","-70.8882","1"
"42.8442","-70.8956","1"
"42.2513","-70.9219","17"
"42.5527","-70.9411","17"
"41.6408","-70.9906","7"
"42.2184","-71.0331","22"
"42.1640","-71.0589","11"
"42.3253","-71.0627","28"
"42.3532","-71.0641","174"
"43.0231","-71.0739","9"
"42.3951","-71.0793","63"
"42.3682","-71.0900","93"
"42.5187","-71.0931","2"
"44.0187","-71.1127","8"
"42.3740","-71.1146","1"
"42.3737","-71.1213","12"
"42.3429","-71.1225","26"
"42.3967","-71.1229","22"
"42.3913","-71.1404","52"
"42.4059","-71.1427","13"
"42.7442","-71.1573","17"
"41.6722","-71.1574","10"
"42.4973","-71.1608","19"
"42.2475","-71.1634","26"
"42.3226","-71.1681","23"
"42.2480","-71.1732","1"
"42.3650","-71.1804","37"
"42.4816","-71.2191","19"
"42.3492","-71.2264","2"
"42.7723","-71.2345","4"
"42.0934","-71.2631","16"
"41.5285","-71.3010","6"
"42.6108","-71.3230","58"
"41.7966","-71.3234","34"
"41.9543","-71.3421","24"
"42.8606","-71.3543","3"
"42.3030","-71.3907","34"
"41.8289","-71.4009","2"
"41.8271","-71.4167","46"
"42.9512","-71.4325","8"
"42.6978","-71.4410","13"
"42.1104","-71.4602","23"
"43.0463","-71.4652","96"
"42.5521","-71.4744","85"
"41.9393","-71.4776","35"
"43.2250","-71.4859","6"
"41.6640","-71.4959","25"
"42.1123","-71.5490","1"
"42.3561","-71.6139","28"
"44.0424","-71.6701","2"
"42.5312","-71.7462","13"
"42.5838","-71.7734","1"
"42.1998","-71.7782","30"
"42.8767","-71.9506","3"
"41.3734","-71.9583","14"
"42.5595","-71.9887","16"
"41.5815","-71.9903","12"
"41.3729","-72.1616","16"
"40.9633","-72.1854","17"
"42.5796","-72.1908","2"
"41.7350","-72.2027","17"
"43.7007","-72.2895","2"
"43.6368","-72.2898","20"
"42.9249","-72.2951","1"
"41.2895","-72.4264","8"
"43.2994","-72.4814","1"
"42.3757","-72.5205","2"
"40.8762","-72.5293","1"
"41.7782","-72.5400","3"
"41.8013","-72.5502","225"
"42.8512","-72.5576","1"
"44.2591","-72.5765","3"
"44.2610","-72.5783","4"
"41.9948","-72.5809","47"
"42.0981","-72.5861","4"
"41.2800","-72.5952","7"
"42.5878","-72.5997","5"
"42.1278","-72.6278","11"
"41.5596","-72.6467","11"
"41.7625","-72.6705","68"
"41.7474","-72.6916","4"
"41.7594","-72.7034","2"
"41.7474","-72.7123","600"
"41.7602","-72.7416","214"
"41.6292","-72.7429","17"
"41.4873","-72.8072","11"
"41.6744","-72.8451","24"
"41.8194","-72.8634","2"
"41.3584","-72.8719","30"
"41.5654","-72.9072","7"
"41.3047","-72.9286","44"
"41.5695","-73.0016","1"
"41.2363","-73.0387","39"
"40.9216","-73.0435","17"
"40.8169","-73.0601","147"
"44.5064","-73.0797","21"
"44.8135","-73.0832","3"
"40.8313","-73.0939","22"
"44.4459","-73.1100","36"
"41.8133","-73.1239","67"
"40.8757","-73.1270","68"
"44.0127","-73.1687","4"
"41.2288","-73.1838","15"
"42.7107","-73.2042","4"
"44.4773","-73.2108","20"
"44.4372","-73.2111","4"
"41.4660","-73.2309","16"
"41.7206","-73.2357","1"
"42.4494","-73.2537","51"
"40.7651","-73.3071","83"
"40.8390","-73.3153","73"
"42.1952","-73.3630","3"
"41.1271","-73.3848","5"
"41.5775","-73.4123","3"
"40.8733","-73.4153","12"
"41.4162","-73.4156","33"
"41.1007","-73.4195","8"
"40.7381","-73.4215","110"
"41.3739","-73.4216","2"
"40.7276","-73.4258","36"
"40.8728","-73.4282","33"
"44.7331","-73.4322","6"
"40.6661","-73.4867","6"
"44.7034","-73.4912","13"
"41.2836","-73.4971","2"
"40.7282","-73.5033","103"
"40.6686","-73.5308","1"
"40.7744","-73.5331","94"
"41.0571","-73.5383","1"
"41.0543","-73.5408","3"
"40.7782","-73.5560","66"
"40.7425","-73.5989","51"
"40.7397","-73.6152","55"
"40.8660","-73.6315","15"
"41.2044","-73.6442","1"
"40.6568","-73.6452","18"
"40.5887","-73.6589","5"
"40.9998","-73.6624","64"
"40.6771","-73.6679","11"
"40.6572","-73.6718","52"
"43.3264","-73.6780","43"
"41.4344","-73.6799","5"
"40.7985","-73.6999","4"
"42.6401","-73.7034","25"
"41.2050","-73.7274","3"
"42.2725","-73.7591","18"
"41.0313","-73.7676","87"
"42.6444","-73.7726","24"
"40.7790","-73.7790","22"
"42.8576","-73.7795","87"
"40.9120","-73.7796","100"
"43.0795","-73.7857","1"
"40.7411","-73.7861","45"
"43.0829","-73.7877","100"
"42.6645","-73.7896","2"
"41.1352","-73.7917","31"
"40.7032","-73.7998","21"
"40.9073","-73.8114","4"
"42.7110","-73.8167","108"
"40.8670","-73.8251","36"
"40.9826","-73.8267","81"
"40.7092","-73.8298","45"
"40.7603","-73.8335","59"
"40.9403","-73.8344","12"
"40.7718","-73.8352","46"
"42.3546","-73.8381","2"
"40.7208","-73.8433","97"
"40.7100","-73.8469","21"
"40.9248","-73.8544","81"
"42.6909","-73.8547","154"
"41.0023","-73.8578","19"
"40.9668","-73.8597","87"
"40.6691","-73.8617","34"
"40.7079","-73.8676","45"
"41.3104","-73.8681","70"
"41.9819","-73.8837","5"
"41.5244","-73.8961","35"
"41.9276","-73.9130","6"
"41.6269","-73.9170","107"
"40.8263","-73.9207","12"
"40.7546","-73.9240","318"
"41.7681","-73.9291","10"
"40.5860","-73.9295","94"
"40.7049","-73.9332","103"
"40.8466","-73.9379","14"
"42.8130","-73.9424","36"
"40.8092","-73.9445","2"
"42.0779","-73.9519","6"
"40.7793","-73.9539","97"
"40.8097","-73.9544","59"
"41.0979","-73.9565","97"
"40.7293","-73.9596","3"
"40.7141","-73.9599","391"
"40.7652","-73.9616","1"
"40.7160","-73.9626","327"
"42.8256","-73.9626","6"
"40.6290","-73.9660","10"
"41.5036","-73.9676","36"
"40.7526","-73.9682","24"
"40.7619","-73.9687","185"
"40.8516","-73.9691","5"
"40.7636","-73.9707","3"
"40.7641","-73.9707","7"
"40.7606","-73.9764","21"
"40.6865","-73.9777","500"
"40.7866","-73.9777","132"
"40.7335","-73.9779","415"
"40.7562","-73.9786","426"
"40.7429","-73.9791","269"
"40.6616","-73.9798","784"
"40.7708","-73.9818","8"
"40.7752","-73.9819","408"
"40.6906","-73.9823","724"
"40.7735","-73.9836","150"
"40.7734","-73.9836","145"
"40.7739","-73.9848","1"
"41.9669","-73.9850","125"
"42.8080","-73.9875","37"
"40.7182","-73.9877","570"
"40.7316","-73.9888","121"
"40.7571","-73.9890","170"
"40.7386","-73.9898","142"
"40.7247","-73.9904","50"
"40.7341","-73.9908","675"
"40.7151","-73.9911","335"
"40.7341","-73.9934","55"
"40.6849","-73.9944","324"
"40.7359","-73.9959","280"
"40.7524","-73.9969","248"
"40.7259","-73.9972","887"
"40.7312","-74.0017","913"
"40.7284","-74.0043","267"
"40.7194","-74.0050","100"
"40.7069","-74.0054","41"
"41.5023","-74.0056","4"
"40.7079","-74.0087","225"
"40.8503","-74.0126","9"
"40.7149","-74.0150","146"
"41.0951","-74.0184","41"
"40.6337","-74.0208","69"
"40.9077","-74.0309","4"
"40.7542","-74.0319","1"
"40.7280","-74.0380","52"
"40.7854","-74.0473","49"
"40.2873","-74.0532","12"
"41.7432","-74.0694","8"
"41.5241","-74.0702","38"
"40.9155","-74.0770","25"
"41.8443","-74.0822","3"
"40.5674","-74.1127","25"
"40.9789","-74.1155","5"
"42.0405","-74.1272","1"
"40.0584","-74.1419","8"
"40.8289","-74.1425","20"
"40.4188","-74.1496","10"
"40.9485","-74.1554","2"
"40.5597","-74.1638","5"
"40.5812","-74.1648","22"
"40.6596","-74.1686","14"
"40.6262","-74.1729","37"
"41.3269","-74.1884","1"
"40.7336","-74.1963","1"
"42.2098","-74.2141","1"
"40.8143","-74.2183","6"
"40.5305","-74.2301","7"
"40.6206","-74.2455","10"
"42.3064","-74.2524","1"
"40.8882","-74.2528","13"
"39.9826","-74.2555","11"
"40.8897","-74.2562","18"
"40.7934","-74.2567","4"
"39.7061","-74.2792","4"
"40.2497","-74.2946","9"
"40.6594","-74.2994","1"
"40.5482","-74.3337","9"
"40.6837","-74.3354","2"
"43.0154","-74.3611","6"
"41.4531","-74.3667","48"
"40.4220","-74.3818","3"
"40.8089","-74.3822","9"
"40.6465","-74.4090","6"
"40.4891","-74.4154","13"
"40.5489","-74.4243","23"
"41.4313","-74.4269","13"
"40.5253","-74.4373","1"
"39.3519","-74.4441","3"
"40.7999","-74.4813","6"
"40.4432","-74.5036","49"
"40.2777","-74.5304","10"
"40.9094","-74.5580","7"
"40.5511","-74.5753","62"
"40.5868","-74.6192","3"
"39.4468","-74.6269","11"
"40.4049","-74.6475","1"
"40.3507","-74.6575","2"
"40.3154","-74.6618","17"
"40.1919","-74.7218","16"
"41.3528","-74.7233","29"
"40.0376","-74.8215","20"
"43.0421","-74.8612","2"
"40.1853","-74.8834","73"
"39.9050","-74.9375","9"
"40.1393","-74.9552","71"
"40.0838","-74.9609","11"
"40.0721","-74.9654","39"
"39.9428","-74.9656","30"
"39.8480","-74.9772","11"
"44.6686","-74.9851","2"
"39.8557","-75.0201","33"
"39.9363","-75.0281","85"
"39.7162","-75.0286","17"
"39.4322","-75.0319","9"
"39.7286","-75.0397","1"
"40.0879","-75.0401","38"
"42.4471","-75.0464","21"
"38.4202","-75.0581","25"
"40.1688","-75.0741","26"
"39.8348","-75.1005","53"
"38.3378","-75.1122","101"
"40.0947","-75.1254","3"
"40.3101","-75.1301","6"
"40.2162","-75.1427","153"
"39.9476","-75.1434","28"
"38.7379","-75.1442","135"
"39.9468","-75.1454","173"
"39.9493","-75.1477","189"
"40.6766","-75.1477","5"
"38.7434","-75.1544","6"
"39.9780","-75.1585","37"
"39.9520","-75.1594","320"
"39.9508","-75.1669","38"
"44.5953","-75.1694","2"
"40.9979","-75.1830","1"
"39.9538","-75.2031","82"
"40.0156","-75.2105","59"
"40.1105","-75.2140","42"
"40.1548","-75.2212","23"
"40.9907","-75.2235","50"
"40.2073","-75.2254","72"
"40.2485","-75.2395","25"
"38.5516","-75.2473","4"
"39.9600","-75.2585","7"
"40.0064","-75.2603","6"
"40.1147","-75.2794","96"
"40.7179","-75.2852","57"
"40.0994","-75.3061","34"
"43.0924","-75.3164","343"
"40.3086","-75.3215","2"
"39.9383","-75.3580","47"
"40.6151","-75.3675","9"
"40.0926","-75.4003","131"
"40.5607","-75.4115","102"
"38.9351","-75.4294","103"
"40.6361","-75.4303","48"
"39.9780","-75.4392","38"
"40.1297","-75.4453","119"
"43.2123","-75.4599","3"
"40.1664","-75.4794","58"
"43.2246","-75.4832","34"
"40.5341","-75.4912","2"
"40.1338","-75.5174","3"
"42.5299","-75.5234","1"
"39.8332","-75.5360","98"
"39.1951","-75.5403","16"
"39.7468","-75.5494","1"
"39.8827","-75.5496","33"
"40.5872","-75.5585","38"
"39.7368","-75.5620","32"
"38.3967","-75.5672","126"
"40.5565","-75.5767","61"
"41.4602","-75.6238","6"
"41.4618","-75.6270","22"
"40.0219","-75.6283","63"
"39.7144","-75.6313","50"
"40.2756","-75.6413","24"
"43.0773","-75.6422","29"
"39.6812","-75.6503","140"
"40.2328","-75.6670","34"
"36.0352","-75.6724","67"
"40.0143","-75.6740","144"
"41.3603","-75.6814","89"
"39.4472","-75.7410","76"
"39.6863","-75.7448","49"
"39.6028","-75.7485","150"
"41.2436","-75.8840","8"
"42.1335","-75.9070","42"
"40.3798","-75.9308","33"
"40.3367","-75.9343","23"
"41.5385","-75.9460","4"
"43.9762","-75.9554","25"
"40.3509","-75.9677","82"
"36.8566","-75.9887","4"
"42.0974","-76.0106","34"
"40.9847","-76.0114","8"
"36.7678","-76.0154","71"
"38.5534","-76.0548","2"
"36.8158","-76.0730","103"
"38.7768","-76.0758","4"
"38.7803","-76.0797","1"
"36.8408","-76.1299","51"
"36.8649","-76.1316","31"
"43.0983","-76.1454","6"
"40.1757","-76.1737","5"
"43.0695","-76.1745","119"
"36.8015","-76.1745","31"
"36.7794","-76.2266","17"
"36.6539","-76.2293","67"
"36.7784","-76.2334","26"
"36.2939","-76.2410","2"
"36.2973","-76.2554","28"
"43.0550","-76.2711","92"
"39.5566","-76.2757","1"
"39.9854","-76.2823","16"
"36.8490","-76.2883","53"
"36.8681","-76.2980","10"
"36.8352","-76.3018","4"
"40.0453","-76.3124","2"
"36.9430","-76.3161","1"
"39.4552","-76.3165","35"
"40.0266","-76.3241","93"
"40.0608","-76.3381","66"
"37.0458","-76.3863","20"
"39.4922","-76.3909","62"
"37.6900","-76.4113","11"
"36.8284","-76.4126","34"
"41.0084","-76.4231","5"
"37.0618","-76.4235","140"
"36.8725","-76.4348","42"
"40.3423","-76.4545","18"
"38.2675","-76.4592","15"
"39.3707","-76.4646","153"
"37.1103","-76.4683","17"
"37.0856","-76.4741","93"
"42.4840","-76.4917","84"
"37.2739","-76.4967","9"
"42.4389","-76.4973","36"
"39.2979","-76.5092","48"
"43.4557","-76.5126","21"
"38.3113","-76.5271","46"
"42.9631","-76.5366","4"
"38.9749","-76.5425","11"
"38.9882","-76.5457","95"
"40.3204","-76.5704","52"
"39.1357","-76.5846","11"
"38.5441","-76.5915","12"
"39.4026","-76.6005","183"
"39.2835","-76.6013","41"
"39.1389","-76.6056","24"
"39.3636","-76.6099","52"
"42.9310","-76.6136","13"
"39.3092","-76.6163","261"
"39.4994","-76.6561","32"
"39.2052","-76.6777","1"
"39.0368","-76.6784","94"
"39.9333","-76.6826","1"
"39.9415","-76.6934","35"
"39.2465","-76.6937","12"
"39.1620","-76.7078","404"
"37.2885","-76.7249","51"
"39.3116","-76.7294","24"
"38.9509","-76.7396","16"
"37.2791","-76.7413","60"
"34.7015","-76.7528","9"
"39.9714","-76.7717","47"
"39.4052","-76.7888","136"
"40.3017","-76.8201","15"
"39.1778","-76.8219","127"
"41.2376","-76.8272","10"
"40.3030","-76.8353","161"
"38.9013","-76.8480","7"
"40.8252","-76.8507","30"
"39.0928","-76.8558","21"
"39.2170","-76.8635","90"
"38.6749","-76.8715","14"
"42.1603","-76.8740","43"
"39.0014","-76.8760","15"
"40.2711","-76.8913","19"
"34.8560","-76.8931","8"
"39.0001","-76.9082","13"
"38.6201","-76.9282","11"
"39.0458","-76.9376","19"
"40.2272","-76.9394","87"
"38.8359","-76.9449","1"
"38.9686","-76.9541","38"
"40.2357","-76.9692","26"
"38.8060","-76.9801","17"
"39.5797","-76.9842","40"
"39.8227","-76.9896","65"
"38.8817","-76.9953","1"
"38.9100","-76.9962","50"
"42.8566","-76.9971","11"
"38.9221","-76.9977","84"
"41.2401","-77.0066","34"
"38.9182","-77.0170","127"
"38.8990","-77.0207","236"
"38.8886","-77.0241","1"
"38.9965","-77.0254","173"
"38.8963","-77.0266","244"
"38.9966","-77.0297","69"
"38.8374","-77.0481","98"
"34.6624","-77.0499","3"
"39.0353","-77.0517","35"
"42.1435","-77.0552","5"
"38.9027","-77.0627","132"
"38.8024","-77.0705","101"
"38.9662","-77.0715","17"
"35.1183","-77.0765","14"
"35.0965","-77.0846","15"
"38.8902","-77.0852","57"
"38.8626","-77.0872","90"
"38.8413","-77.0891","68"
"38.9817","-77.0952","52"
"39.0507","-77.1012","24"
"42.1705","-77.1019","4"
"38.8806","-77.1050","66"
"38.7720","-77.1405","68"
"39.0840","-77.1499","49"
"38.7752","-77.1581","84"
"39.8439","-77.1911","24"
"40.1905","-77.1966","39"
"39.1158","-77.1998","111"
"38.9177","-77.2213","128"
"38.8718","-77.2297","162"
"39.8318","-77.2311","3"
"38.9237","-77.2321","73"
"39.1217","-77.2369","68"
"42.8762","-77.2446","16"
"39.1842","-77.2638","139"
"38.8450","-77.2784","75"
"38.6273","-77.2877","41"
"38.6424","-77.2974","67"
"41.7491","-77.3001","1"
"38.8251","-77.3144","9"
"38.8591","-77.3589","226"
"35.5663","-77.3610","48"
"38.8673","-77.3675","46"
"34.7638","-77.3781","4"
"37.2538","-77.3946","25"
"38.9576","-77.3997","90"
"39.3743","-77.4128","139"
"34.7972","-77.4171","25"
"39.0292","-77.4242","88"
"38.8297","-77.4361","135"
"38.9119","-77.4455","3"
"43.0252","-77.4475","36"
"39.0524","-77.4544","130"
"37.6728","-77.4549","126"
"37.5672","-77.4669","1"
"37.5674","-77.4672","625"
"37.5521","-77.4777","33"
"39.0062","-77.4879","60"
"43.2020","-77.4940","77"
"38.2889","-77.5102","90"
"38.2953","-77.5157","49"
"39.0908","-77.5268","67"
"38.8020","-77.5299","26"
"38.9843","-77.5349","297"
"37.6376","-77.5450","72"
"37.5484","-77.5690","40"
"40.5968","-77.5753","1"
"39.9567","-77.5764","4"
"43.1395","-77.5961","2"
"43.1561","-77.5980","30"
"37.6533","-77.6140","272"
"38.8004","-77.6168","53"
"37.5063","-77.6178","82"
"43.0833","-77.6256","46"
"37.4191","-77.6289","140"
"43.1004","-77.6310","23"
"35.2634","-77.6513","5"
"42.3264","-77.6584","6"
"39.6843","-77.6674","30"
"43.2052","-77.6886","3"
"37.5138","-77.6893","131"
"42.9145","-77.7054","2"
"43.1428","-77.7159","165"
"39.6240","-77.7725","37"
"42.7956","-77.7941","3"
"40.8403","-77.8011","68"
"35.9671","-77.8050","13"
"34.2426","-77.8328","126"
"40.7937","-77.8623","2"
"34.2397","-77.8921","42"
"34.1799","-77.9167","266"
"40.8102","-77.9264","110"
"35.7249","-77.9362","7"
"35.4007","-77.9732","26"
"38.4724","-77.9965","20"
"33.9481","-78.0512","25"
"39.1633","-78.1631","40"
"38.9178","-78.1924","4"
"39.1191","-78.1945","47"
"35.5090","-78.3225","10"
"37.2946","-78.3763","11"
"40.4577","-78.4001","21"
"36.3328","-78.4314","12"
"42.0804","-78.4659","18"
"38.0309","-78.4825","135"
"38.0647","-78.4930","126"
"38.0119","-78.4995","147"
"38.8824","-78.5049","2"
"35.9422","-78.5423","149"
"35.6891","-78.5746","65"
"35.7787","-78.6050","102"
"35.7791","-78.6356","8"
"35.8379","-78.6385","126"
"42.8782","-78.6940","38"
"43.1046","-78.6968","8"
"42.9535","-78.6969","45"
"35.8721","-78.7162","188"
"35.7581","-78.7349","188"
"41.1144","-78.7460","9"
"42.9151","-78.7628","76"
"42.7911","-78.7662","102"
"33.7915","-78.7664","42"
"35.7393","-78.7760","19"
"35.9042","-78.7848","131"
"42.9931","-78.8045","40"
"42.7832","-78.8071","6"
"35.8037","-78.8090","147"
"42.9587","-78.8166","27"
"35.8073","-78.8175","29"
"39.6269","-78.8341","47"
"35.6671","-78.8437","74"
"40.2748","-78.8441","25"
"38.4302","-78.8528","57"
"42.9477","-78.8551","14"
"42.8912","-78.8720","33"
"42.9524","-78.8768","132"
"35.7451","-78.8828","74"
"35.8488","-78.8911","307"
"35.9981","-78.9017","25"
"36.0192","-78.9078","10"
"33.7010","-78.9240","66"
"38.0762","-78.9349","88"
"33.6703","-78.9409","105"
"35.9658","-78.9409","51"
"35.0775","-78.9439","1"
"35.9052","-78.9456","171"
"39.0830","-78.9580","1"
"40.3239","-78.9584","4"
"35.0793","-78.9653","43"
"35.0694","-78.9699","54"
"34.9797","-78.9741","59"
"36.3237","-78.9753","1"
"43.0867","-78.9935","7"
"34.6421","-78.9993","3"
"35.9277","-79.0272","94"
"35.9623","-79.0548","39"
"35.8809","-79.0665","17"
"38.1499","-79.0750","17"
"33.8554","-79.0916","30"
"41.8991","-79.1507","21"
"37.4058","-79.1724","11"
"37.3638","-79.1786","226"
"40.6067","-79.1818","14"
"35.4886","-79.1977","20"
"42.0985","-79.2985","9"
"42.4583","-79.3108","5"
"39.5038","-79.3272","16"
"42.0975","-79.3435","25"
"41.2050","-79.3670","4"
"40.2960","-79.3851","1"
"35.1736","-79.4209","33"
"36.5808","-79.4299","103"
"37.7843","-79.4436","9"
"40.2975","-79.5053","60"
"36.0697","-79.5107","151"
"40.6999","-79.7241","8"
"34.1766","-79.7653","1"
"35.7029","-79.7855","14"
"40.4284","-79.7953","62"
"40.5739","-79.7966","28"
"36.0861","-79.8075","88"
"32.8300","-79.8280","121"
"36.0875","-79.8358","101"
"34.1845","-79.8416","44"
"36.0372","-79.8437","49"
"36.0371","-79.8438","69"
"38.9312","-79.8638","7"
"40.4913","-79.8883","69"
"40.4066","-79.9184","219"
"40.4371","-79.9228","62"
"40.3484","-79.9319","92"
"40.8733","-79.9534","8"
"37.2996","-79.9548","84"
"40.4700","-79.9612","23"
"36.0349","-79.9615","97"
"37.2344","-79.9765","37"
"37.2654","-79.9770","13"
"32.7631","-79.9860","64"
"40.4428","-79.9985","14"
"39.6269","-79.9989","24"
"39.6526","-80.0004","16"
"40.4463","-80.0187","1"
"40.5699","-80.0189","107"
"32.8019","-80.0320","160"
"35.9934","-80.0323","41"
"37.2696","-80.0324","13"
"32.9404","-80.0439","131"
"40.3571","-80.0516","29"
"40.3434","-80.0541","34"
"26.7087","-80.0583","58"
"40.4677","-80.0671","2"
"26.4609","-80.0687","31"
"26.9367","-80.0803","53"
"42.0591","-80.0873","82"
"26.3534","-80.0882","25"
"26.8498","-80.0945","224"
"26.5367","-80.0961","93"
"26.2604","-80.1011","102"
"40.6828","-80.1053","70"
"40.3679","-80.1120","145"
"26.3768","-80.1127","273"
"26.1700","-80.1151","141"
"26.1369","-80.1214","29"
"25.9315","-80.1352","46"
"26.6198","-80.1359","15"
"26.1212","-80.1373","5"
"26.1150","-80.1383","2"
"25.7902","-80.1409","115"
"25.9557","-80.1417","101"
"26.2070","-80.1482","53"
"26.3159","-80.1591","29"
"32.9585","-80.1597","16"
"33.0368","-80.1604","57"
"26.0524","-80.1609","141"
"26.4556","-80.1627","53"
"26.6159","-80.1633","17"
"26.0366","-80.1647","39"
"35.3490","-80.1680","5"
"40.5404","-80.1822","6"
"26.2832","-80.1885","84"
"25.7716","-80.1887","189"
"26.4568","-80.1888","95"
"25.7671","-80.1930","93"
"39.4252","-80.1940","4"
"26.6483","-80.2004","85"
"41.6196","-80.2044","8"
"26.7012","-80.2044","140"
"26.0257","-80.2281","39"
"27.1745","-80.2351","5"
"35.8185","-80.2423","1"
"25.7291","-80.2443","61"
"26.2425","-80.2446","49"
"40.5111","-80.2458","3"
"36.0982","-80.2497","10"
"38.9960","-80.2536","4"
"26.3004","-80.2557","116"
"36.0699","-80.2572","4"
"25.7504","-80.2599","11"
"25.7323","-80.2608","85"
"26.6639","-80.2671","3"
"26.1771","-80.2678","92"
"39.3143","-80.2702","64"
"26.1035","-80.2725","57"
"27.2403","-80.2754","50"
"36.1743","-80.2758","138"
"25.7052","-80.2861","201"
"25.8664","-80.2984","19"
"26.0102","-80.3056","77"
"40.6817","-80.3078","17"
"25.9132","-80.3104","96"
"26.1547","-80.3219","44"
"27.4219","-80.3283","25"
"25.8071","-80.3319","49"
"36.0683","-80.3343","78"
"25.6441","-80.3385","41"
"26.0322","-80.3560","287"
"26.0116","-80.3595","43"
"26.1046","-80.3613","44"
"25.5756","-80.3683","97"
"25.6943","-80.3723","2732"
"33.9539","-80.3766","71"
"41.0069","-80.3788","29"
"25.7884","-80.3802","109"
"25.7446","-80.3912","95"
"27.6294","-80.3925","30"
"37.2115","-80.4013","19"
"27.3148","-80.4139","47"
"37.2301","-80.4157","2"
"37.1637","-80.4287","74"
"37.8131","-80.4355","22"
"41.2304","-80.4547","41"
"27.6431","-80.4596","23"
"35.6511","-80.4624","48"
"41.2355","-80.4647","1"
"25.4692","-80.4774","50"
"35.0077","-80.5637","30"
"37.1426","-80.5795","1"
"35.4403","-80.6027","32"
"40.0738","-80.6134","17"
"36.4973","-80.6190","3"
"35.4982","-80.6245","4"
"41.0211","-80.6349","15"
"41.0243","-80.6447","5"
"35.0517","-80.6464","107"
"28.0862","-80.6522","25"
"41.0212","-80.6595","35"
"28.0417","-80.6632","62"
"27.9974","-80.6672","65"
"28.3544","-80.6866","111"
"28.0767","-80.6983","67"
"32.2160","-80.7032","11"
"35.3333","-80.7194","191"
"35.3703","-80.7260","468"
"28.2423","-80.7282","131"
"35.1402","-80.7413","60"
"41.2179","-80.7483","23"
"41.8790","-80.7533","12"
"32.1538","-80.7663","18"
"41.1013","-80.7766","26"
"35.0643","-80.7945","260"
"40.9032","-80.8276","3"
"36.2401","-80.8433","4"
"35.5023","-80.8488","4"
"35.1729","-80.8500","55"
"34.9989","-80.8527","115"
"35.3519","-80.8552","49"
"35.5876","-80.8574","136"
"40.0695","-80.8720","10"
"35.1084","-80.8747","149"
"35.4464","-80.8780","75"
"34.1312","-80.8803","75"
"37.6729","-80.8908","3"
"36.6817","-80.8940","7"
"32.2838","-80.9124","58"
"29.0095","-80.9198","41"
"35.1389","-80.9324","46"
"34.0664","-80.9657","6"
"34.9442","-80.9779","31"
"29.1051","-81.0315","66"
"34.0069","-81.0363","9"
"29.1961","-81.0730","271"
"34.0331","-81.0915","7"
"41.2875","-81.1005","2"
"36.9571","-81.1036","9"
"32.0109","-81.1061","5"
"35.2600","-81.1105","75"
"34.0685","-81.1571","85"
"34.0756","-81.1615","52"
"31.9865","-81.1720","55"
"36.1515","-81.1784","26"
"37.8030","-81.1801","229"
"28.5556","-81.2007","546"
"29.4830","-81.2037","196"
"33.9963","-81.2310","15"
"28.6630","-81.2344","245"
"41.1590","-81.2440","11"
"32.1367","-81.2494","96"
"32.1469","-81.2547","128"
"28.9419","-81.2555","229"
"28.2490","-81.2820","11"
"41.7155","-81.2965","44"
"35.6999","-81.3043","23"
"28.4639","-81.3050","723"
"28.6022","-81.3234","12"
"35.7333","-81.3403","1"
"28.5574","-81.3407","124"
"29.8616","-81.3417","114"
"28.7900","-81.3563","437"
"41.6585","-81.3575","68"
"41.1404","-81.3599","31"
"28.6020","-81.3640","522"
"28.6165","-81.3644","25"
"28.5408","-81.3785","104"
"28.6665","-81.3810","289"
"31.1840","-81.3818","47"
"28.6595","-81.3862","4"
"28.3837","-81.4023","90"
"28.3465","-81.4225","219"
"41.6305","-81.4242","81"
"40.8703","-81.4242","26"
"40.8714","-81.4360","93"
"41.5237","-81.4363","64"
"41.2106","-81.4385","69"
"28.4701","-81.4484","408"
"28.6744","-81.4564","67"
"41.0736","-81.4634","1"
"28.4738","-81.4673","207"
"28.4324","-81.4697","242"
"29.9919","-81.4710","14"
"41.1100","-81.4711","12"
"35.2695","-81.4827","15"
"40.9774","-81.4834","35"
"27.4899","-81.4869","15"
"31.2178","-81.4881","105"
"41.4552","-81.4884","61"
"41.1534","-81.4946","72"
"30.3241","-81.4968","148"
"30.1003","-81.5130","180"
"41.0857","-81.5156","4"
"41.3126","-81.5156","97"
"28.5542","-81.5156","102"
"28.3698","-81.5197","595"
"41.6111","-81.5233","1"
"40.7991","-81.5274","12"
"28.5487","-81.5425","73"
"41.0966","-81.5441","2"
"30.6235","-81.5452","48"
"30.2633","-81.5539","367"
"30.3268","-81.5547","109"
"39.2999","-81.5558","15"
"35.8998","-81.5604","1"
"30.1924","-81.5648","67"
"41.5009","-81.5653","63"
"40.0072","-81.5745","3"
"30.7474","-81.5762","18"
"41.4833","-81.5913","1"
"31.8346","-81.5982","8"
"41.5107","-81.6026","27"
"28.3433","-81.6097","167"
"41.0129","-81.6110","7"
"41.5090","-81.6119","1"
"27.9542","-81.6141","58"
"41.3992","-81.6238","332"
"28.4732","-81.6241","196"
"38.3541","-81.6270","89"
"28.2342","-81.6410","171"
"36.2186","-81.6622","32"
"28.8173","-81.6693","157"
"30.3147","-81.6809","47"
"35.7461","-81.6871","82"
"38.3188","-81.7130","114"
"30.0982","-81.7146","49"
"35.0814","-81.7155","1"
"33.5103","-81.7175","9"
"25.9218","-81.7256","28"
"41.4842","-81.7303","20"
"28.5368","-81.7323","521"
"30.1855","-81.7359","95"
"28.0438","-81.7365","80"
"41.4263","-81.7375","33"
"26.1185","-81.7581","19"
"24.5699","-81.7628","7"
"32.4341","-81.7637","24"
"26.2171","-81.7718","106"
"28.8254","-81.7847","69"
"26.4842","-81.7935","88"
"26.1709","-81.8000","13"
"26.2529","-81.8004","36"
"24.5565","-81.8040","2"
"26.2523","-81.8049","66"
"38.4067","-81.8055","38"
"26.3716","-81.8077","40"
"41.3095","-81.8220","132"
"30.1946","-81.8320","64"
"41.2458","-81.8397","10"
"41.4579","-81.8605","33"
"26.6043","-81.8672","20"
"41.1547","-81.8677","28"
"26.5495","-81.8682","136"
"34.9697","-81.8892","31"
"35.3331","-81.8930","2"
"26.6857","-81.9038","52"
"38.4520","-81.9302","11"
"26.6111","-81.9377","69"
"40.8485","-81.9482","9"
"41.4609","-81.9529","94"
"36.7185","-81.9538","35"
"28.9081","-81.9749","6"
"28.0887","-81.9780","220"
"28.0003","-81.9814","284"
"41.3771","-81.9865","8"
"34.9449","-82.0008","71"
"33.5248","-82.0180","130"
"39.9868","-82.0283","10"
"37.8569","-82.0423","14"
"39.3367","-82.0662","3"
"33.4879","-82.0774","70"
"41.4207","-82.0787","18"
"39.3284","-82.1010","1"
"33.5353","-82.1101","138"
"41.3949","-82.1112","1"
"29.1874","-82.1120","4"
"27.9903","-82.1231","13"
"36.6284","-82.1308","36"
"27.0083","-82.1483","83"
"29.1622","-82.1671","122"
"28.2575","-82.1869","36"
"39.4121","-82.1880","1"
"34.2027","-82.1969","55"
"41.2916","-82.2167","2"
"41.3977","-82.2251","1"
"34.7271","-82.2585","87"
"38.8429","-82.2586","18"
"36.5910","-82.2643","110"
"38.4207","-82.2663","69"
"34.8335","-82.3050","251"
"31.2025","-82.3222","26"
"29.6496","-82.3240","5"
"27.9432","-82.3244","731"
"27.8932","-82.3463","649"
"28.2498","-82.3478","90"
"27.8487","-82.3485","333"
"34.8399","-82.3606","63"
"29.6285","-82.3685","87"
"28.1305","-82.3703","1024"
"36.3333","-82.3790","94"
"29.6537","-82.3802","48"
"28.8558","-82.3897","31"
"29.6248","-82.3978","155"
"34.8878","-82.4019","92"
"27.0567","-82.4113","63"
"27.3955","-82.4345","44"
"28.0577","-82.4353","14"
"40.4008","-82.4382","5"
"38.4228","-82.4430","119"
"35.3393","-82.4465","19"
"40.0319","-82.4474","8"
"43.0243","-82.4518","28"
"43.0353","-82.4564","10"
"27.9503","-82.4589","8"
"27.9373","-82.4758","36"
"27.2335","-82.4924","364"
"42.6931","-82.5069","5"
"27.3402","-82.5138","26"
"28.5347","-82.5162","157"
"37.4782","-82.5169","20"
"36.5291","-82.5204","45"
"35.5765","-82.5208","36"
"35.5116","-82.5248","94"
"27.9468","-82.5267","169"
"27.3010","-82.5283","34"
"27.4493","-82.5324","112"
"27.3322","-82.5399","6"
"28.0330","-82.5430","946"
"35.5936","-82.5510","22"
"35.6221","-82.5537","18"
"34.8237","-82.5541","56"
"35.4849","-82.5579","54"
"35.5770","-82.5655","24"
"28.0695","-82.5758","444"
"40.7851","-82.5993","41"
"41.2706","-82.6054","19"
"27.4613","-82.6098","32"
"28.4758","-82.6176","50"
"39.7302","-82.6281","6"
"27.7742","-82.6348","208"
"38.4862","-82.6529","53"
"41.4188","-82.6712","44"
"30.1780","-82.6790","34"
"34.5503","-82.6832","135"
"27.8365","-82.6863","141"
"28.0521","-82.7004","519"
"28.3078","-82.7034","88"
"28.2946","-82.7073","10"
"34.5759","-82.7091","31"
"38.4025","-82.7134","8"
"35.2342","-82.7356","2"
"27.7973","-82.7364","133"
"28.0173","-82.7375","95"
"28.1165","-82.7409","54"
"27.8910","-82.7836","57"
"39.9271","-82.7842","45"
"27.8434","-82.7920","116"
"42.6731","-82.8373","55"
"31.4862","-82.8376","13"
"36.1722","-82.8404","10"
"38.7179","-82.8584","5"
"40.0516","-82.8675","38"
"42.5596","-82.8972","48"
"40.0524","-82.9152","121"
"39.9574","-82.9387","11"
"42.6248","-82.9459","48"
"34.6966","-82.9621","21"
"42.6733","-82.9742","113"
"40.1468","-82.9865","329"
"38.7462","-82.9938","21"
"40.0260","-83.0016","22"
"39.9939","-83.0063","34"
"40.1145","-83.0096","191"
"42.5543","-83.0243","135"
"39.9960","-83.0279","136"
"39.8738","-83.0376","20"
"39.9832","-83.0451","10"
"42.6221","-83.0601","78"
"40.3001","-83.0665","2"
"42.3486","-83.0672","8"
"42.5027","-83.0852","106"
"40.0648","-83.0877","56"
"40.1055","-83.0975","132"
"42.5311","-83.1107","79"
"41.3442","-83.1134","4"
"40.0304","-83.1136","29"
"42.6418","-83.1275","190"
"42.4902","-83.1449","158"
"42.5467","-83.1452","241"
"39.9828","-83.1490","24"
"42.1956","-83.1904","144"
"35.9454","-83.1990","2"
"35.3803","-83.2098","6"
"32.2145","-83.2114","6"
"42.5460","-83.2124","36"
"41.1120","-83.2124","17"
"42.5477","-83.2144","30"
"42.1503","-83.2299","45"
"33.4551","-83.2471","8"
"42.2007","-83.2570","42"
"33.1073","-83.2578","5"
"36.2197","-83.2615","43"
"42.8236","-83.2637","13"
"42.5443","-83.2874","32"
"42.7029","-83.2952","33"
"30.8483","-83.3223","355"
"35.4780","-83.3231","10"
"43.0442","-83.3269","15"
"42.4554","-83.3439","81"
"36.6122","-83.3570","96"
"42.4648","-83.3761","18"
"33.9597","-83.3798","21"
"42.3346","-83.3843","139"
"42.2833","-83.3867","11"
"41.9481","-83.3882","43"
"35.1426","-83.3970","8"
"33.9465","-83.4103","45"
"42.4143","-83.4173","175"
"42.3208","-83.4295","228"
"42.4284","-83.4309","125"
"42.6605","-83.4345","145"
"38.1743","-83.4348","25"
"42.5321","-83.4441","136"
"34.2514","-83.4589","6"
"34.5777","-83.4631","13"
"42.4909","-83.4879","403"
"31.4590","-83.5272","7"
"35.8397","-83.5672","31"
"35.8068","-83.5775","17"
"43.3715","-83.5827","2"
"39.2271","-83.6142","1"
"42.9115","-83.6289","34"
"41.5282","-83.6413","164"
"41.6962","-83.6418","133"
"41.0648","-83.6674","13"
"32.5537","-83.6714","294"
"42.2276","-83.6819","973"
"36.6210","-83.7041","6"
"41.5489","-83.7090","161"
"40.3648","-83.7372","14"
"33.9428","-83.7393","51"
"42.2797","-83.7420","42"
"42.6355","-83.7454","55"
"43.0044","-83.7514","48"
"39.9226","-83.7592","13"
"42.1782","-83.7594","145"
"32.8780","-83.7632","324"
"31.1896","-83.7647","45"
"31.9644","-83.7687","6"
"43.2460","-83.7722","53"
"38.6318","-83.7981","2"
"42.5482","-83.7996","82"
"42.2865","-83.8042","32"
"34.9663","-83.8156","2"
"34.2954","-83.8569","23"
"36.0277","-83.8728","18"
"43.6281","-83.8937","44"
"34.0744","-83.9135","62"
"34.9001","-83.9153","1"
"35.9648","-83.9179","48"
"42.6063","-83.9273","1"
"36.0709","-83.9295","8"
"35.9818","-83.9297","8"
"38.0497","-83.9410","67"
"30.8559","-83.9474","9"
"43.4732","-83.9708","9"
"42.0722","-83.9724","2"
"43.4823","-83.9793","83"
"34.0658","-83.9849","60"
"35.7414","-83.9944","23"
"33.6491","-83.9948","15"
"33.9047","-84.0016","22"
"33.8571","-84.0022","8"
"41.9317","-84.0061","38"
"33.8770","-84.0147","7"
"33.9691","-84.0193","54"
"34.3690","-84.0356","13"
"35.9251","-84.0372","79"
"35.9240","-84.0374","5"
"34.0275","-84.0426","11"
"35.9219","-84.0502","19"
"39.7638","-84.0589","78"
"33.9830","-84.0768","66"
"35.9193","-84.0799","58"
"37.1097","-84.0953","8"
"39.6935","-84.1021","194"
"33.8241","-84.1237","9"
"36.9173","-84.1254","15"
"33.9519","-84.1377","37"
"41.5733","-84.1410","28"
"39.8690","-84.1436","92"
"35.8998","-84.1529","71"
"40.7384","-84.1566","32"
"42.9964","-84.1676","16"
"34.1555","-84.1774","86"
"39.7570","-84.1881","29"
"34.0178","-84.1933","192"
"39.4323","-84.1936","2"
"31.6219","-84.2061","38"
"39.6486","-84.2094","271"
"33.4665","-84.2100","58"
"30.4626","-84.2103","65"
"38.0088","-84.2115","15"
"33.9787","-84.2138","6"
"40.1462","-84.2197","7"
"43.6567","-84.2342","75"
"39.5992","-84.2363","71"
"33.9524","-84.2365","29"
"44.2762","-84.2378","2"
"39.0469","-84.2484","14"
"33.8429","-84.2515","22"
"36.0116","-84.2561","51"
"30.4383","-84.2579","20"
"39.1006","-84.2624","18"
"39.1614","-84.2734","133"
"33.8710","-84.2771","85"
"33.8074","-84.2784","42"
"34.0718","-84.2787","116"
"30.4759","-84.2886","99"
"33.2693","-84.2947","9"
"34.0482","-84.2965","64"
"39.8755","-84.3076","1"
"39.3090","-84.3193","151"
"33.8236","-84.3214","48"
"37.7367","-84.3278","61"
"33.5632","-84.3317","41"
"39.4961","-84.3364","8"
"34.0379","-84.3397","24"
"34.0412","-84.3405","14"
"33.9323","-84.3483","59"
"39.0760","-84.3487","23"
"33.7735","-84.3530","105"
"33.7459","-84.3564","203"
"33.8547","-84.3599","135"
"41.3029","-84.3628","28"
"33.7791","-84.3694","96"
"39.3728","-84.3742","59"
"39.1451","-84.3744","60"
"39.2048","-84.3751","63"
"39.2026","-84.3808","1"
"33.7873","-84.3842","46"
"33.9166","-84.3843","51"
"33.7935","-84.3961","178"
"42.2480","-84.4061","2"
"39.1626","-84.4118","181"
"38.0250","-84.4202","71"
"39.3190","-84.4209","132"
"42.7274","-84.4225","37"
"34.0624","-84.4236","60"
"33.9844","-84.4238","16"
"33.4833","-84.4265","62"
"33.9781","-84.4276","150"
"42.2669","-84.4280","125"
"33.8831","-84.4321","173"
"45.6459","-84.4755","8"
"34.2503","-84.4828","37"
"39.0183","-84.4845","66"
"39.2990","-84.4845","52"
"34.6537","-84.4890","12"
"38.0444","-84.4951","8"
"39.0940","-84.4962","129"
"38.0478","-84.5068","48"
"36.5123","-84.5100","3"
"33.6581","-84.5106","5"
"33.9491","-84.5147","60"
"42.7652","-84.5155","140"
"39.1437","-84.5203","50"
"37.9540","-84.5226","68"
"39.1098","-84.5321","2"
"37.9835","-84.5328","170"
"38.2178","-84.5370","1"
"34.1076","-84.5431","34"
"42.6598","-84.5498","131"
"40.5496","-84.5707","8"
"34.0156","-84.5714","36"
"33.9274","-84.5719","66"
"39.2436","-84.5950","41"
"39.4239","-84.5963","5"
"33.3987","-84.6168","123"
"42.7410","-84.6254","40"
"33.8684","-84.6257","34"
"37.0377","-84.6300","31"
"39.1762","-84.6398","58"
"38.9935","-84.6473","210"
"41.9405","-84.6500","15"
"43.4085","-84.6676","18"
"34.0404","-84.6798","189"
"45.0257","-84.7095","2"
"45.7787","-84.7262","4"
"33.8837","-84.7397","41"
"33.7284","-84.7442","29"
"43.6119","-84.7585","39"
"33.3913","-84.7648","22"
"43.8197","-84.7685","2"
"34.1945","-84.7958","8"
"37.6506","-84.8054","15"
"42.5617","-84.8358","1"
"39.8298","-84.8364","2"
"39.1279","-84.8407","37"
"35.2053","-84.8502","41"
"35.1783","-84.8734","110"
"38.1678","-84.8963","8"
"34.7564","-84.9335","11"
"32.5086","-84.9436","2"
"32.5490","-84.9443","28"
"32.5395","-84.9647","26"
"45.3547","-84.9709","29"
"41.9437","-84.9719","16"
"45.4305","-84.9866","12"
"33.0364","-85.0307","8"
"35.9883","-85.0339","9"
"33.5933","-85.0379","10"
"42.9822","-85.0645","3"
"41.3596","-85.0870","21"
"39.6617","-85.1298","4"
"41.0804","-85.1333","1"
"41.1312","-85.1421","104"
"35.0330","-85.1487","3"
"35.0325","-85.1618","117"
"34.3047","-85.1731","6"
"42.2628","-85.1860","20"
"41.0729","-85.1989","27"
"44.9769","-85.2099","1"
"35.0039","-85.2207","98"
"30.7755","-85.2327","13"
"35.1294","-85.2369","100"
"42.2951","-85.2392","4"
"34.9540","-85.2462","12"
"42.2983","-85.2477","29"
"43.1952","-85.2510","17"
"45.3154","-85.2588","2"
"38.1913","-85.2772","10"
"42.6488","-85.2896","3"
"35.0527","-85.3112","48"
"35.0545","-85.3119","2"
"42.9321","-85.3637","13"
"37.3473","-85.3710","3"
"40.2254","-85.3763","35"
"38.4029","-85.3928","5"
"44.2493","-85.3985","8"
"38.7770","-85.4030","4"
"32.6119","-85.4055","33"
"31.2510","-85.4296","17"
"31.2688","-85.4522","18"
"32.6270","-85.4544","29"
"39.3496","-85.4972","3"
"41.1730","-85.5073","4"
"36.1315","-85.5082","64"
"40.8960","-85.5208","33"
"38.2220","-85.5282","202"
"43.1773","-85.5524","4"
"38.3025","-85.5577","361"
"43.0011","-85.5930","203"
"38.2104","-85.5963","115"
"42.2210","-85.5982","93"
"44.7641","-85.6194","1"
"38.2501","-85.6240","161"
"42.8494","-85.6282","110"
"44.7330","-85.6499","36"
"30.1878","-85.6499","331"
"42.2981","-85.6572","51"
"42.4481","-85.6680","3"
"38.1083","-85.6716","175"
"40.5718","-85.6827","3"
"43.0186","-85.6863","91"
"38.3464","-85.6992","258"
"38.2342","-85.7179","111"
"39.5211","-85.7526","3"
"42.8786","-85.7559","138"
"38.2183","-85.7615","1"
"38.3512","-85.7944","67"
"39.7825","-85.8062","12"
"33.6216","-85.8108","87"
"41.2526","-85.8147","31"
"40.7970","-85.8226","4"
"37.7167","-85.8393","98"
"41.5851","-85.8436","29"
"31.2915","-85.8583","137"
"30.2185","-85.8736","197"
"39.2054","-85.8822","24"
"39.2024","-85.9224","2"
"39.9899","-85.9331","184"
"37.0243","-85.9345","26"
"41.7218","-85.9738","7"
"39.7787","-85.9835","15"
"40.0327","-85.9899","22"
"33.9953","-86.0082","79"
"39.9252","-86.0260","77"
"34.6254","-86.0512","18"
"39.9076","-86.0640","64"
"40.7696","-86.0777","4"
"42.7791","-86.0796","58"
"42.8077","-86.0847","27"
"39.9148","-86.1111","90"
"35.1867","-86.1119","5"
"40.4625","-86.1132","3"
"39.6294","-86.1164","70"
"39.9597","-86.1173","159"
"39.8660","-86.1181","25"
"40.0009","-86.1211","103"
"39.6398","-86.1260","6"
"32.3595","-86.1349","38"
"38.2304","-86.1350","16"
"39.7796","-86.1462","95"
"39.7017","-86.1527","228"
"39.7653","-86.1614","29"
"39.7686","-86.1697","8"
"32.3406","-86.1772","24"
"41.6968","-86.1946","79"
"43.0294","-86.2159","15"
"39.9116","-86.2206","38"
"43.1738","-86.2210","102"
"35.3929","-86.2442","11"
"41.6334","-86.2556","14"
"41.8322","-86.2590","5"
"39.9128","-86.2645","43"
"33.6081","-86.2695","42"
"32.3518","-86.2914","5"
"36.1875","-86.2928","70"
"43.4065","-86.3149","3"
"30.3793","-86.3155","20"
"39.7680","-86.3380","46"
"39.7110","-86.3604","48"
"39.6024","-86.3735","4"
"43.9557","-86.3739","3"
"39.8686","-86.3906","43"
"32.4599","-86.3981","9"
"35.8546","-86.4019","26"
"35.8464","-86.4161","70"
"42.0764","-86.4228","6"
"36.9501","-86.4251","44"
"30.3937","-86.4260","46"
"35.8434","-86.4379","59"
"35.4825","-86.4590","1"
"40.0595","-86.4712","3"
"36.9683","-86.4781","99"
"36.3584","-86.4943","66"
"39.1515","-86.4955","15"
"38.8437","-86.5113","1"
"36.1671","-86.5142","137"
"38.8451","-86.5143","5"
"34.6719","-86.5444","82"
"30.7788","-86.5567","14"
"35.9806","-86.5657","106"
"35.1523","-86.5698","1"
"39.1620","-86.5718","64"
"36.3299","-86.5894","105"
"33.6420","-86.6289","36"
"31.8511","-86.6483","7"
"36.0506","-86.6517","39"
"30.4164","-86.6593","33"
"33.4104","-86.6702","29"
"34.7190","-86.6735","123"
"36.2060","-86.6934","3"
"36.2058","-86.6956","256"
"33.4511","-86.7279","44"
"33.5283","-86.7342","2"
"34.7576","-86.7418","49"
"36.1072","-86.7553","428"
"37.9347","-86.7557","6"
"33.4484","-86.7722","95"
"33.2380","-86.8002","69"
"36.1368","-86.8015","173"
"33.5141","-86.8087","4"
"33.3725","-86.8156","59"
"36.1087","-86.8169","287"
"35.9430","-86.8239","239"
"33.4403","-86.8366","5"
"34.1507","-86.8393","13"
"40.4206","-86.8521","299"
"41.6751","-86.8903","4"
"40.4214","-86.9006","114"
"40.0202","-86.9018","8"
"38.3854","-86.9295","9"
"35.7373","-86.9440","75"
"36.0818","-86.9482","82"
"33.3346","-86.9849","22"
"41.4743","-87.0159","30"
"34.5747","-87.0170","12"
"37.7620","-87.0409","235"
"30.3822","-87.1043","46"
"30.6014","-87.1191","46"
"41.5552","-87.1514","76"
"40.9254","-87.1517","3"
"30.4729","-87.2168","81"
"30.4859","-87.2624","41"
"36.5895","-87.2867","8"
"41.4682","-87.3053","14"
"36.6236","-87.3209","65"
"44.8497","-87.3503","7"
"36.0522","-87.3693","18"
"37.9745","-87.3978","22"
"39.4270","-87.4249","43"
"46.5580","-87.4567","9"
"37.3175","-87.4754","27"
"41.4961","-87.4754","14"
"41.4992","-87.4759","11"
"37.9917","-87.4960","142"
"38.6546","-87.5010","8"
"33.1682","-87.5479","158"
"37.8685","-87.5687","9"
"38.0164","-87.5785","27"
"41.7880","-87.5955","6"
"38.3545","-87.6044","13"
"41.8912","-87.6191","250"
"41.8924","-87.6252","130"
"41.9373","-87.6278","338"
"30.2924","-87.6289","44"
"41.8971","-87.6298","1"
"41.8835","-87.6304","117"
"41.7390","-87.6306","36"
"41.8696","-87.6327","42"
"41.8851","-87.6334","29"
"41.8696","-87.6349","144"
"34.8345","-87.6366","26"
"37.9729","-87.6432","29"
"41.9084","-87.6466","15"
"41.9392","-87.6540","1"
"42.0048","-87.6611","55"
"41.9499","-87.6639","211"
"41.9213","-87.6674","344"
"41.5080","-87.6684","13"
"30.3004","-87.6812","27"
"41.9653","-87.6866","104"
"41.9302","-87.6881","298"
"44.0686","-87.7050","8"
"42.0766","-87.7062","6"
"41.9298","-87.7089","200"
"41.5861","-87.7178","25"
"41.7533","-87.7332","22"
"41.8491","-87.7428","23"
"42.0591","-87.7495","26"
"43.7575","-87.7512","50"
"39.0068","-87.7635","15"
"41.9157","-87.7644","19"
"41.7151","-87.7837","1"
"41.8888","-87.8015","31"
"41.9630","-87.8072","14"
"41.8479","-87.8113","6"
"42.1497","-87.8190","53"
"42.0108","-87.8294","2"
"42.0498","-87.8386","44"
"41.9098","-87.8461","16"
"41.5270","-87.8476","30"
"41.1736","-87.8512","7"
"30.6682","-87.8516","17"
"41.5919","-87.8537","53"
"42.0552","-87.8547","69"
"41.7764","-87.8592","7"
"41.1221","-87.8640","7"
"41.9797","-87.8676","39"
"41.1347","-87.8716","27"
"43.0658","-87.8783","12"
"43.0598","-87.8855","29"
"42.5704","-87.8943","35"
"30.6550","-87.9017","62"
"42.9997","-87.9017","20"
"42.7173","-87.9127","52"
"43.2309","-87.9223","78"
"42.1375","-87.9266","41"
"43.3765","-87.9279","23"
"42.0855","-87.9316","37"
"42.1799","-87.9343","1"
"42.9130","-87.9363","190"
"44.4825","-87.9399","13"
"41.9561","-87.9408","1"
"42.2441","-87.9493","115"
"42.9853","-87.9516","25"
"41.8524","-87.9529","35"
"41.8477","-87.9555","16"
"42.3913","-87.9603","121"
"43.0502","-87.9868","5"
"41.5165","-87.9911","16"
"41.8401","-88.0018","43"
"42.0003","-88.0047","34"
"42.9506","-88.0083","45"
"41.7513","-88.0085","15"
"41.7959","-88.0091","4"
"45.8067","-88.0096","25"
"41.9462","-88.0263","61"
"42.0393","-88.0372","131"
"42.8832","-88.0412","19"
"43.0638","-88.0444","78"
"41.7200","-88.0450","13"
"42.1595","-88.0549","143"
"44.4847","-88.0597","47"
"41.8767","-88.0656","3"
"41.7685","-88.0685","105"
"42.1837","-88.0942","7"
"41.8317","-88.0970","28"
"41.9375","-88.1063","11"
"42.9490","-88.1086","108"
"43.0301","-88.1094","43"
"41.7014","-88.1226","8"
"43.1858","-88.1364","80"
"42.0702","-88.1477","180"
"43.0351","-88.1628","26"
"41.5762","-88.1672","42"
"41.8047","-88.1713","123"
"42.3954","-88.1790","34"
"43.0402","-88.1840","239"
"43.3949","-88.1862","20"
"41.7655","-88.2025","39"
"30.6580","-88.2056","11"
"30.6793","-88.2079","57"
"41.7129","-88.2090","68"
"40.0723","-88.2513","126"
"40.1465","-88.2583","76"
"42.1145","-88.2606","15"
"41.9233","-88.2691","83"
"42.6796","-88.2779","1"
"42.2274","-88.2945","30"
"42.1027","-88.2967","16"
"39.4820","-88.3060","7"
"36.2897","-88.3098","10"
"36.6178","-88.3133","38"
"41.7176","-88.3140","31"
"41.7918","-88.3247","37"
"42.1799","-88.3335","30"
"42.0298","-88.3361","30"
"44.2556","-88.3441","135"
"43.0473","-88.3696","16"
"43.2974","-88.3784","8"
"42.6131","-88.4144","27"
"41.3861","-88.4290","3"
"33.5310","-88.4352","27"
"41.6601","-88.4425","27"
"42.3156","-88.4477","6"
"44.2642","-88.4634","21"
"34.9077","-88.5049","55"
"37.7476","-88.5256","2"
"39.1030","-88.5447","15"
"44.0158","-88.5814","49"
"47.1023","-88.5957","12"
"41.6466","-88.6002","11"
"36.7256","-88.6283","1"
"32.3581","-88.6754","8"
"37.0811","-88.6910","83"
"34.3080","-88.7011","44"
"34.3001","-88.7051","88"
"41.9499","-88.7281","12"
"44.3928","-88.7424","1"
"43.0813","-88.7660","1"
"35.6751","-88.8299","31"
"41.1454","-88.8390","7"
"43.4562","-88.8400","8"
"41.3487","-88.8431","10"
"33.4492","-88.8475","71"
"35.6614","-88.8635","62"
"39.8137","-88.8763","10"
"36.3471","-88.8766","4"
"30.4553","-88.8886","176"
"42.2706","-88.9533","34"
"38.3205","-88.9583","3"
"37.7507","-88.9793","6"
"42.7206","-88.9797","54"
"40.1483","-88.9797","6"
"42.5217","-88.9831","39"
"40.5094","-88.9864","1"
"30.3911","-88.9884","37"
"40.5379","-88.9901","26"
"42.3708","-89.0046","27"
"40.4927","-89.0344","245"
"30.4411","-89.0948","79"
"38.9653","-89.1358","2"
"32.7639","-89.1401","7"
"37.7361","-89.1885","19"
"37.7314","-89.1905","9"
"45.9152","-89.2475","4"
"43.1683","-89.2710","129"
"43.1244","-89.3061","69"
"31.3315","-89.3501","184"
"40.1454","-89.3642","1"
"31.3229","-89.3757","51"
"36.0476","-89.3832","8"
"45.6341","-89.3938","11"
"43.5397","-89.4627","17"
"41.3705","-89.4649","1"
"43.0145","-89.4664","75"
"40.6915","-89.4821","9"
"34.3748","-89.4972","125"
"43.0580","-89.5195","199"
"34.3708","-89.5475","62"
"44.5108","-89.5708","34"
"37.2981","-89.5834","108"
"40.6901","-89.5895","1"
"39.7637","-89.6078","22"
"40.7288","-89.6177","4"
"42.2973","-89.6190","37"
"40.6028","-89.6298","10"
"44.8647","-89.6331","60"
"41.8168","-89.6495","3"
"30.5444","-89.6516","2"
"40.7730","-89.6529","66"
"39.1756","-89.6692","1"
"40.7821","-89.6774","69"
"45.1798","-89.6873","1"
"35.0505","-89.6923","878"
"39.7547","-89.7272","36"
"35.0636","-89.7585","96"
"43.5720","-89.7754","11"
"35.1564","-89.7833","452"
"35.2010","-89.7868","122"
"35.4431","-89.7899","11"
"35.1546","-89.7927","6"
"35.2073","-89.7984","439"
"30.3003","-89.8100","83"
"44.3906","-89.8271","11"
"35.2035","-89.8394","86"
"35.1040","-89.8693","141"
"34.9622","-89.8764","179"
"39.2799","-89.8840","1"
"35.1152","-89.8943","603"
"38.5903","-89.9450","128"
"38.7835","-89.9558","32"
"38.5138","-89.9827","3"
"34.9654","-89.9897","340"
"35.1378","-89.9933","115"
"38.5039","-89.9948","7"
"29.9041","-90.0467","35"
"35.1324","-90.0601","191"
"29.9509","-90.0656","67"
"29.9698","-90.0833","119"
"30.4331","-90.0856","35"
"29.9250","-90.1133","21"
"30.4441","-90.1359","12"
"32.4632","-90.1378","173"
"32.2679","-90.1406","81"
"32.4400","-90.1476","82"
"38.7015","-90.1514","12"
"38.3515","-90.1523","4"
"44.6637","-90.1762","16"
"30.0034","-90.1821","74"
"38.6302","-90.1894","7"
"29.9621","-90.1916","108"
"39.6982","-90.2312","19"
"41.8210","-90.2410","13"
"30.0171","-90.2509","15"
"38.6441","-90.2638","36"
"38.6342","-90.3166","58"
"38.6353","-90.3474","135"
"38.5273","-90.3627","287"
"38.4101","-90.3861","137"
"38.6307","-90.4094","45"
"38.6745","-90.4110","724"
"37.7937","-90.4415","2"
"36.7327","-90.4446","2"
"42.7342","-90.4469","4"
"31.5809","-90.4510","10"
"38.6032","-90.4531","240"
"30.4817","-90.4637","9"
"41.4693","-90.4856","43"
"38.7656","-90.4931","131"
"41.5734","-90.5185","160"
"36.0599","-90.5237","27"
"38.7617","-90.5268","259"
"38.7893","-90.5391","1"
"38.6521","-90.5634","148"
"38.6659","-90.6087","193"
"38.7953","-90.6160","153"
"38.5806","-90.6301","21"
"35.8064","-90.6844","177"
"42.4941","-90.7210","24"
"42.5211","-90.7376","7"
"38.7445","-90.7532","48"
"29.6404","-90.7570","10"
"38.7668","-90.7632","43"
"43.9378","-90.8248","2"
"38.8035","-90.8585","66"
"32.3080","-90.8838","6"
"30.2444","-90.9190","43"
"30.4685","-90.9247","6"
"37.3397","-90.9412","8"
"38.4262","-90.9667","3"
"38.5380","-90.9873","7"
"30.4411","-91.0093","35"
"30.4097","-91.0145","20"
"30.3859","-91.0844","15"
"41.4477","-91.0864","53"
"30.3792","-91.0972","90"
"43.0375","-91.1094","11"
"30.4226","-91.1264","8"
"40.8211","-91.1674","34"
"38.1970","-91.1863","5"
"43.7827","-91.2250","62"
"43.8130","-91.2510","4"
"39.7095","-91.3554","13"
"39.9361","-91.3621","5"
"39.9337","-91.3623","5"
"44.9254","-91.3811","44"
"44.7753","-91.4406","2"
"44.7871","-91.4602","54"
"43.2690","-91.4773","2"
"46.0031","-91.4828","3"
"44.8104","-91.4988","1"
"41.6424","-91.5101","55"
"41.6591","-91.5338","13"
"41.6904","-91.6000","59"
"42.0289","-91.6231","33"
"35.7685","-91.6275","14"
"44.0538","-91.6368","6"
"42.0321","-91.6550","185"
"41.2983","-91.6907","2"
"35.2504","-91.7010","17"
"45.4620","-91.7343","3"
"37.9600","-91.7551","4"
"43.3055","-91.7916","17"
"33.6394","-91.8017","3"
"30.0009","-91.8020","3"
"36.7157","-91.8429","8"
"39.1479","-91.8904","2"
"44.9139","-91.9348","24"
"30.1451","-91.9477","10"
"38.8302","-91.9579","22"
"34.9773","-92.0243","27"
"30.1586","-92.0434","280"
"30.2021","-92.0457","74"
"32.4991","-92.0596","3"
"30.5083","-92.0732","6"
"46.7894","-92.0947","1"
"46.7825","-92.0986","57"
"32.5118","-92.1628","59"
"46.7380","-92.1666","2"
"46.8263","-92.1972","14"
"37.8088","-92.2215","47"
"34.7915","-92.2290","69"
"38.5872","-92.2520","115"
"38.9291","-92.2964","80"
"34.7588","-92.3056","23"
"34.7604","-92.3067","4"
"42.4597","-92.3214","43"
"38.9513","-92.3254","14"
"38.9348","-92.3572","184"
"30.2322","-92.3834","1"
"34.7088","-92.4062","154"
"34.6630","-92.4122","48"
"30.4938","-92.4168","1"
"35.1097","-92.4307","82"
"41.0193","-92.4349","12"
"39.4531","-92.4349","31"
"42.5099","-92.4353","18"
"31.2772","-92.4498","111"
"44.0592","-92.4504","102"
"43.9615","-92.4551","70"
"46.7103","-92.4576","20"
"34.7683","-92.4599","21"
"39.7633","-92.4688","1"
"44.0451","-92.5235","12"
"47.5175","-92.5754","3"
"34.5812","-92.5840","52"
"40.1952","-92.5848","37"
"44.5686","-92.5849","7"
"38.1814","-92.6101","41"
"44.8583","-92.6265","1"
"32.5429","-92.6277","12"
"37.6728","-92.6537","132"
"44.9597","-92.6927","31"
"33.2098","-92.7009","1"
"44.7369","-92.8780","12"
"42.0159","-92.9099","11"
"46.0058","-92.9294","2"
"47.4027","-92.9531","10"
"44.9283","-92.9572","39"
"45.0318","-92.9727","91"
"45.1227","-93.0536","57"
"44.8683","-93.0587","66"
"31.7514","-93.0624","11"
"34.4450","-93.0820","16"
"44.9433","-93.0988","1"
"36.2493","-93.1155","6"
"44.7281","-93.1337","58"
"45.0173","-93.1510","121"
"30.1956","-93.1661","16"
"44.9398","-93.1777","13"
"44.9184","-93.1871","8"
"39.1212","-93.1948","1"
"44.4288","-93.1975","11"
"45.1019","-93.2066","21"
"44.7914","-93.2097","200"
"44.9341","-93.2131","1"
"30.2011","-93.2269","15"
"37.1551","-93.2324","95"
"37.0251","-93.2368","19"
"45.3081","-93.2393","32"
"44.0819","-93.2454","23"
"45.0398","-93.2472","4"
"44.9848","-93.2557","41"
"36.6588","-93.2564","90"
"44.9157","-93.2626","7"
"44.9156","-93.2630","2"
"31.1218","-93.2722","5"
"43.1500","-93.2731","52"
"45.1526","-93.2779","67"
"44.7411","-93.2863","37"
"36.6532","-93.2879","23"
"36.6527","-93.2880","20"
"44.9672","-93.2883","1"
"37.1416","-93.2945","79"
"44.9494","-93.2969","44"
"44.6501","-93.3004","135"
"45.2182","-93.3127","23"
"44.8797","-93.3259","142"
"44.9121","-93.3296","10"
"44.9670","-93.3475","155"
"43.6811","-93.3588","23"
"45.0087","-93.3816","1"
"45.1618","-93.3938","36"
"37.5973","-93.4005","16"
"44.9794","-93.4055","194"
"44.7764","-93.4109","112"
"44.8540","-93.4278","171"
"45.0194","-93.4812","135"
"41.6603","-93.4892","52"
"41.6030","-93.5231","2"
"47.2108","-93.5269","11"
"44.8609","-93.5357","1"
"45.2025","-93.5483","34"
"45.3090","-93.5587","6"
"41.3599","-93.5597","7"
"42.0486","-93.5905","11"
"45.2163","-93.5958","67"
"42.0110","-93.6136","40"
"41.7153","-93.6214","91"
"41.6315","-93.7011","167"
"32.4258","-93.7130","46"
"38.7825","-93.7331","4"
"41.6558","-93.7340","67"
"41.6163","-93.7346","1"
"32.5191","-93.7398","7"
"32.5117","-93.7511","1"
"44.8490","-93.7881","9"
"45.0477","-93.7995","16"
"41.5703","-93.8070","241"
"45.2862","-93.8080","75"
"41.6174","-93.8643","41"
"39.1844","-93.8824","3"
"36.9123","-93.9103","24"
"44.1737","-93.9529","35"
"29.9483","-93.9889","4"
"44.1455","-93.9929","16"
"44.1649","-94.0059","3"
"33.4561","-94.0977","23"
"36.1080","-94.1490","93"
"30.0424","-94.1520","30"
"36.1233","-94.1566","289"
"30.1229","-94.1583","3"
"36.1766","-94.1632","82"
"36.3061","-94.1759","458"
"36.3406","-94.1765","624"
"42.5060","-94.1790","8"
"39.0241","-94.1951","18"
"36.3685","-94.2107","59"
"46.3579","-94.2269","19"
"45.5547","-94.2381","59"
"39.0393","-94.2726","2"
"46.6317","-94.3194","1"
"35.4605","-94.3452","48"
"39.0501","-94.3531","39"
"35.3721","-94.3585","99"
"38.6603","-94.3735","5"
"38.9387","-94.3766","50"
"44.8738","-94.3823","13"
"36.8316","-94.3912","47"
"39.0929","-94.4163","2"
"35.3294","-94.4243","43"
"45.4580","-94.4271","1"
"38.9113","-94.4478","23"
"39.2428","-94.4502","36"
"44.3140","-94.4577","2"
"37.1454","-94.4630","1"
"37.0925","-94.4689","64"
"38.8122","-94.5151","1"
"39.2394","-94.5225","32"
"36.1731","-94.5523","19"
"39.1424","-94.5756","9"
"39.0971","-94.5835","17"
"38.9709","-94.6085","40"
"38.9559","-94.6290","18"
"38.9158","-94.6481","43"
"38.8827","-94.6541","35"
"39.2431","-94.6561","65"
"31.6387","-94.6574","3"
"38.8813","-94.6835","32"
"39.0290","-94.6901","108"
"37.3814","-94.7044","2"
"31.3116","-94.7161","18"
"32.5458","-94.7244","7"
"31.3113","-94.7244","1"
"32.5378","-94.7474","13"
"36.5984","-94.7530","3"
"38.9075","-94.7672","57"
"38.9989","-94.7754","50"
"39.8190","-94.8124","33"
"39.1264","-94.8261","14"
"29.2531","-94.8543","15"
"32.3958","-94.8567","4"
"42.0644","-94.8682","4"
"36.8789","-94.8774","6"
"29.8192","-94.8956","24"
"39.3182","-94.9119","1"
"45.2291","-94.9410","2"
"45.7368","-94.9519","3"
"35.9266","-94.9531","9"
"47.5065","-94.9562","19"
"33.1378","-94.9688","2"
"45.1057","-95.0405","2"
"29.5267","-95.1247","126"
"43.3912","-95.1247","3"
"43.3240","-95.1499","5"
"29.5458","-95.1509","36"
"29.6805","-95.1536","37"
"43.1279","-95.1573","3"
"29.8313","-95.1682","27"
"29.6049","-95.2130","78"
"29.7684","-95.2314","21"
"38.9714","-95.2357","6"
"29.9369","-95.2424","20"
"30.0670","-95.2441","40"
"30.1355","-95.2447","28"
"38.9217","-95.2629","88"
"29.5998","-95.2682","49"
"30.0099","-95.2717","25"
"29.5587","-95.2991","6"
"32.2500","-95.3024","40"
"32.2925","-95.3048","19"
"32.2686","-95.3094","15"
"32.3351","-95.3385","1"
"29.7624","-95.3666","85"
"30.1208","-95.3768","58"
"45.8633","-95.3789","31"
"29.5491","-95.3852","82"
"35.7697","-95.3984","26"
"30.0573","-95.4380","22"
"29.7310","-95.4407","298"
"30.1001","-95.4426","38"
"29.7432","-95.4552","94"
"30.1618","-95.4587","64"
"29.0506","-95.4592","5"
"29.7496","-95.4619","5"
"30.3298","-95.4760","7"
"30.3717","-95.4879","49"
"29.8467","-95.4964","129"
"30.0775","-95.5170","14"
"29.7844","-95.5218","123"
"30.2295","-95.5339","50"
"29.9534","-95.5410","69"
"33.6842","-95.5431","2"
"30.1449","-95.5518","45"
"29.7813","-95.5611","85"
"29.9947","-95.5743","16"
"29.5811","-95.5828","76"
"29.6412","-95.5844","107"
"33.1168","-95.5879","4"
"30.0416","-95.6054","54"
"29.5876","-95.6214","151"
"36.2924","-95.6256","5"
"31.7734","-95.6262","6"
"30.0876","-95.6320","2"
"29.9720","-95.6659","40"
"29.9116","-95.7246","82"
"29.6719","-95.7488","48"
"29.9935","-95.7538","11"
"34.8968","-95.7603","13"
"29.5466","-95.7617","22"
"29.6989","-95.7648","32"
"39.0356","-95.7679","11"
"36.0633","-95.7705","33"
"29.7867","-95.7746","142"
"29.7413","-95.7766","26"
"44.4484","-95.7885","45"
"35.9913","-95.8096","62"
"29.7725","-95.8097","66"
"36.2796","-95.8330","3"
"32.2086","-95.8369","5"
"40.3927","-95.8387","2"
"29.6974","-95.8399","20"
"36.0584","-95.8565","109"
"36.0139","-95.8829","23"
"36.0639","-95.8871","15"
"41.2424","-95.8955","70"
"29.0083","-95.9003","7"
"36.1065","-95.9193","74"
"41.2661","-95.9341","7"
"36.7151","-95.9350","6"
"36.1596","-95.9581","20"
"41.1474","-95.9691","56"
"41.2598","-95.9897","7"
"36.0437","-96.0039","29"
"41.2398","-96.0154","48"
"42.9975","-96.0490","11"
"41.2674","-96.0687","33"
"36.0168","-96.0960","1"
"33.1131","-96.0967","10"
"46.2863","-96.1072","18"
"41.1793","-96.1155","94"
"41.2935","-96.1382","90"
"41.2608","-96.1889","136"
"38.4171","-96.2150","16"
"41.1959","-96.2383","20"
"30.6343","-96.3044","47"
"30.6758","-96.3367","11"
"30.6242","-96.3397","18"
"42.4457","-96.3554","28"
"42.4936","-96.3987","119"
"33.9497","-96.4133","22"
"30.1668","-96.4276","8"
"32.7480","-96.4460","9"
"32.0676","-96.4472","3"
"32.8911","-96.4798","24"
"41.4526","-96.4870","2"
"39.1792","-96.5769","18"
"33.0034","-96.5776","26"
"33.5955","-96.6044","19"
"33.6749","-96.6117","48"
"32.9505","-96.6140","43"
"32.7886","-96.6274","39"
"40.8160","-96.6286","17"
"33.1877","-96.6380","29"
"40.7599","-96.6425","13"
"33.1322","-96.6483","20"
"32.9728","-96.6485","41"
"43.5373","-96.6558","82"
"35.2324","-96.6564","4"
"33.2157","-96.6631","102"
"34.7925","-96.6657","14"
"32.8695","-96.6756","30"
"33.1443","-96.6761","159"
"40.7404","-96.6786","49"
"33.0719","-96.6872","409"
"40.8163","-96.7030","9"
"40.8142","-96.7049","68"
"33.1302","-96.7237","72"
"32.9501","-96.7355","36"
"32.8676","-96.7416","56"
"43.5151","-96.7507","23"
"32.9389","-96.7509","58"
"43.5284","-96.7588","122"
"32.9001","-96.7671","12"
"33.0251","-96.7686","83"
"32.8380","-96.7752","80"
"32.8686","-96.7757","128"
"46.8796","-96.7881","3"
"33.0279","-96.7891","50"
"44.3074","-96.7902","44"
"32.7699","-96.7992","90"
"32.7866","-96.8117","96"
"33.0991","-96.8121","271"
"32.4006","-96.8169","32"
"32.8507","-96.8193","7"
"32.9539","-96.8206","94"
"32.6022","-96.8211","3"
"33.0762","-96.8214","37"
"33.2171","-96.8225","73"
"32.7433","-96.8260","24"
"33.0492","-96.8275","323"
"37.8181","-96.8465","5"
"39.0290","-96.8467","3"
"46.8674","-96.8488","60"
"46.8551","-96.8490","35"
"32.9103","-96.8767","505"
"33.0668","-96.8858","52"
"33.1549","-96.8910","179"
"32.8578","-96.8945","53"
"35.3636","-96.9109","15"
"42.7797","-96.9315","2"
"32.5922","-96.9500","12"
"33.0016","-96.9708","163"
"28.8671","-96.9917","34"
"32.6771","-96.9923","21"
"32.8411","-96.9956","70"
"32.6732","-97.0090","26"
"47.9287","-97.0264","34"
"37.1561","-97.0321","4"
"32.9666","-97.0446","100"
"36.1399","-97.0501","48"
"47.8905","-97.0601","10"
"32.9958","-97.0658","27"
"33.0752","-97.0861","25"
"32.9194","-97.0876","2063"
"32.7585","-97.0931","20"
"33.1761","-97.0989","146"
"32.8750","-97.1048","44"
"44.8858","-97.1090","49"
"32.8359","-97.1300","18"
"32.6840","-97.1325","38"
"33.2316","-97.1432","16"
"32.8915","-97.1464","7"
"32.5981","-97.1488","52"
"33.6759","-97.1548","3"
"34.1883","-97.1591","11"
"31.5250","-97.1598","23"
"33.2234","-97.1691","30"
"32.7571","-97.1733","36"
"32.6762","-97.1962","34"
"31.5039","-97.1978","6"
"32.8288","-97.2008","50"
"37.7057","-97.2029","69"
"32.9985","-97.2173","117"
"32.9319","-97.2319","30"
"37.7404","-97.2411","39"
"37.5598","-97.2485","18"
"30.1107","-97.3090","11"
"27.8983","-97.3118","10"
"32.8544","-97.3119","12"
"32.9064","-97.3135","41"
"32.5763","-97.3244","17"
"37.6907","-97.3290","4"
"32.7555","-97.3302","10"
"37.9974","-97.3342","2"
"32.5166","-97.3474","17"
"27.6971","-97.3525","50"
"32.7503","-97.3581","6"
"32.6254","-97.3658","11"
"27.6653","-97.3971","31"
"31.0855","-97.3978","56"
"32.6782","-97.4015","8"
"32.7088","-97.4021","23"
"32.6605","-97.4047","5"
"42.0426","-97.4136","7"
"32.3487","-97.4165","4"
"35.6871","-97.4182","57"
"32.8038","-97.4300","3"
"27.7366","-97.4360","11"
"32.7395","-97.4372","13"
"37.7243","-97.4479","28"
"31.0860","-97.4592","12"
"35.5317","-97.4797","123"
"35.2351","-97.4876","16"
"35.3932","-97.4902","8"
"35.3290","-97.4960","166"
"25.9552","-97.5045","310"
"25.9518","-97.5076","1"
"35.4631","-97.5092","39"
"35.5571","-97.5148","42"
"35.5228","-97.5450","36"
"35.4532","-97.5540","3"
"35.6122","-97.5584","96"
"30.4703","-97.5983","122"
"38.8008","-97.6089","2"
"27.8601","-97.6333","14"
"30.4478","-97.6425","783"
"31.0759","-97.6659","53"
"29.8606","-97.6701","3"
"30.4086","-97.6743","196"
"30.5628","-97.6904","194"
"30.6497","-97.6906","44"
"30.2984","-97.7047","100"
"30.3265","-97.7074","26"
"30.3293","-97.7078","147"
"31.0895","-97.7107","16"
"26.1873","-97.7145","116"
"30.3967","-97.7278","84"
"30.3600","-97.7348","45"
"30.2800","-97.7383","9"
"30.3877","-97.7396","134"
"30.2653","-97.7479","32"
"35.4796","-97.7549","14"
"30.2558","-97.7634","81"
"30.1980","-97.7696","32"
"32.4322","-97.7750","21"
"32.7333","-97.7815","9"
"30.4588","-97.7925","36"
"30.1541","-97.7942","87"
"30.2303","-97.7998","76"
"30.4754","-97.8041","106"
"30.4705","-97.8077","73"
"30.2578","-97.8083","113"
"30.5304","-97.8153","174"
"30.4237","-97.8468","184"
"30.0287","-97.8545","71"
"30.1988","-97.8689","43"
"30.2553","-97.8691","66"
"31.1163","-97.8760","21"
"38.0683","-97.8961","2"
"29.8860","-97.9239","65"
"35.0252","-97.9272","2"
"30.3078","-97.9409","60"
"29.5714","-97.9451","10"
"41.1151","-97.9958","1"
"26.1706","-98.0116","49"
"43.7108","-98.0245","14"
"29.7277","-98.0730","90"
"29.6974","-98.1030","8"
"26.2731","-98.1562","135"
"29.1332","-98.1580","1"
"26.2659","-98.1931","27"
"26.2027","-98.2017","114"
"26.2393","-98.2124","93"
"44.3642","-98.2146","4"
"32.1994","-98.2445","3"
"29.6055","-98.2704","108"
"30.5980","-98.2725","31"
"26.1936","-98.2819","55"
"29.5655","-98.3331","40"
"40.9348","-98.3813","1"
"40.5853","-98.3884","9"
"29.5179","-98.3891","53"
"45.4591","-98.4413","4"
"29.6537","-98.4472","68"
"29.3542","-98.4512","29"
"29.3765","-98.4583","19"
"29.6049","-98.4646","98"
"34.6357","-98.4746","17"
"29.4931","-98.4797","66"
"28.9611","-98.4836","1"
"29.4236","-98.4853","52"
"29.5648","-98.4869","183"
"29.5181","-98.5051","159"
"29.3561","-98.5244","47"
"33.8843","-98.5247","45"
"33.8696","-98.5332","11"
"29.5047","-98.5508","111"
"29.5540","-98.5605","141"
"29.4892","-98.5907","143"
"29.6085","-98.5993","205"
"29.4626","-98.6183","31"
"36.8050","-98.6660","2"
"29.5518","-98.6715","77"
"29.7606","-98.7078","20"
"29.4839","-98.7145","378"
"29.4241","-98.7146","164"
"38.3641","-98.7633","4"
"26.3670","-98.7936","9"
"31.7368","-98.9613","18"
"40.7235","-99.0827","17"
"40.6762","-99.0865","1"
"30.0295","-99.1387","3"
"38.8887","-99.3176","10"
"27.6140","-99.4711","19"
"27.5523","-99.5006","49"
"34.9947","-99.5301","158"
"32.4865","-99.7121","30"
"32.3992","-99.7629","22"
"29.2213","-99.7643","1"
"32.4056","-99.7697","14"
"37.7780","-100.0182","21"
"44.3692","-100.3526","12"
"31.4789","-100.4535","5"
"28.7020","-100.4832","4"
"31.4341","-100.4962","23"
"40.2018","-100.6458","2"
"41.1251","-100.7607","2"
"46.8337","-100.7714","228"
"37.9750","-100.8544","18"
"29.3907","-100.9030","6"
"37.0232","-100.9216","11"
"48.2079","-101.3067","4"
"35.6730","-101.3898","1"
"36.6974","-101.4836","4"
"34.1928","-101.7510","2"
"33.5180","-101.8727","53"
"35.1140","-101.9123","52"
"33.5965","-101.9257","34"
"33.5407","-101.9270","111"
"33.5405","-101.9372","12"
"35.1696","-101.9377","25"
"31.9613","-102.1457","21"
"32.0223","-102.1505","6"
"31.9247","-102.2849","13"
"31.8973","-102.3275","12"
"46.9003","-102.7930","4"
"32.7407","-103.1559","5"
"34.4249","-103.1946","8"
"44.1080","-103.2073","21"
"44.1030","-103.2199","17"
"44.0807","-103.2270","2"
"40.2501","-103.8015","1"
"44.5033","-103.8607","16"
"32.4402","-104.2564","4"
"33.4498","-104.5200","13"
"33.3712","-104.5347","13"
"38.3111","-104.6116","110"
"39.6067","-104.7088","38"
"40.3900","-104.7160","54"
"38.8809","-104.7163","271"
"38.8459","-104.7556","17"
"39.6546","-104.7702","51"
"39.5203","-104.7728","32"
"38.9474","-104.7934","66"
"38.9881","-104.7935","167"
"39.5962","-104.7974","124"
"38.7920","-104.7980","256"
"41.1473","-104.8007","278"
"38.9940","-104.8107","74"
"38.8757","-104.8191","105"
"39.7058","-104.8206","137"
"39.9825","-104.8236","39"
"39.5553","-104.8792","13"
"39.4018","-104.8798","29"
"39.7804","-104.8919","194"
"39.5966","-104.8944","9"
"39.6182","-104.9012","36"
"39.6507","-104.9159","32"
"39.6651","-104.9386","38"
"39.6809","-104.9393","57"
"39.7565","-104.9394","163"
"39.7160","-104.9549","96"
"39.7398","-104.9569","34"
"39.5914","-104.9647","35"
"39.7186","-104.9871","74"
"40.4200","-104.9909","97"
"39.5599","-104.9919","138"
"39.7431","-104.9929","180"
"39.9619","-104.9948","59"
"39.6528","-105.0087","97"
"39.5837","-105.0249","52"
"39.7408","-105.0425","166"
"40.5208","-105.0425","171"
"39.8906","-105.0582","238"
"39.8682","-105.0625","105"
"40.5416","-105.0722","92"
"40.3945","-105.0742","42"
"39.7083","-105.0762","135"
"40.6026","-105.0775","21"
"40.5923","-105.0788","1"
"39.7978","-105.0802","165"
"40.5362","-105.0837","40"
"39.6116","-105.0858","39"
"40.1475","-105.1275","68"
"39.9299","-105.1358","73"
"39.7322","-105.1557","83"
"39.9619","-105.1670","20"
"40.0173","-105.2544","94"
"44.2995","-105.5301","10"
"41.3100","-105.5604","21"
"41.3079","-105.5690","13"
"36.3844","-105.5854","2"
"33.3470","-105.6761","1"
"39.9278","-105.7894","5"
"37.4771","-105.8825","4"
"35.6736","-105.9378","10"
"35.6831","-105.9381","119"
"32.9363","-105.9750","26"
"35.6358","-106.0144","26"
"35.6419","-106.0160","27"
"35.9782","-106.0448","13"
"39.6301","-106.0560","32"
"31.8093","-106.2449","61"
"42.8486","-106.2571","26"
"31.7263","-106.2632","63"
"31.7280","-106.3075","134"
"31.7414","-106.3280","5"
"42.8342","-106.3499","19"
"31.7783","-106.3828","75"
"31.7837","-106.4130","55"
"31.8173","-106.4269","2"
"31.8944","-106.4378","38"
"35.0674","-106.5010","78"
"31.8128","-106.5108","31"
"31.8323","-106.5573","181"
"35.0987","-106.5686","94"
"31.8894","-106.5822","61"
"39.6435","-106.5929","8"
"35.1416","-106.6024","225"
"35.0801","-106.6069","16"
"35.1984","-106.6562","87"
"35.1600","-106.6817","84"
"35.2399","-106.6996","21"
"35.0215","-106.7114","19"
"32.3092","-106.7436","40"
"34.8128","-106.7635","28"
"32.3490","-106.7666","141"
"40.4582","-106.8193","9"
"39.1900","-106.8212","12"
"39.6408","-106.8307","1"
"44.8005","-106.9548","9"
"39.3919","-107.0889","36"
"41.8034","-107.2185","3"
"32.2716","-107.7332","1"
"39.5306","-107.7858","9"
"37.9374","-107.8119","4"
"37.2394","-107.8699","11"
"38.4792","-107.8764","2"
"37.2689","-107.8821","1"
"44.0181","-107.9637","2"
"36.7648","-108.1523","14"
"36.7476","-108.1826","32"
"43.0240","-108.3875","2"
"45.7828","-108.5068","1"
"45.7697","-108.5781","10"
"39.0906","-108.5976","80"
"39.0980","-108.6065","44"
"45.7513","-108.6140","10"
"35.5278","-108.6707","6"
"44.5340","-109.0418","3"
"41.5804","-109.2616","54"
"47.0654","-109.4254","1"
"41.5103","-109.4728","10"
"48.5523","-109.6774","9"
"32.8381","-109.7322","26"
"34.1472","-109.9714","1"
"34.2285","-110.0277","7"
"31.5288","-110.2603","27"
"45.6609","-110.5613","1"
"32.2198","-110.7742","72"
"33.3960","-110.7870","8"
"43.4664","-110.7917","21"
"32.2186","-110.8659","148"
"32.2519","-110.8926","123"
"32.2250","-110.9165","121"
"32.2365","-110.9236","72"
"31.3563","-110.9300","3"
"32.4257","-110.9376","34"
"32.1830","-110.9436","84"
"31.9062","-110.9879","20"
"32.1521","-110.9880","125"
"32.3416","-111.0154","84"
"45.6711","-111.0804","32"
"32.3535","-111.0887","56"
"34.2310","-111.3289","14"
"47.4826","-111.3443","18"
"40.5067","-111.4137","1"
"40.6517","-111.5028","1"
"40.6591","-111.5081","31"
"40.7199","-111.5407","49"
"35.2227","-111.5793","100"
"39.3476","-111.5888","1"
"33.3796","-111.5986","30"
"33.2206","-111.6401","26"
"33.2587","-111.6426","57"
"40.1274","-111.6461","159"
"33.3919","-111.6583","115"
"40.2994","-111.6604","103"
"40.2171","-111.6636","247"
"32.8865","-111.6851","53"
"33.3171","-111.6885","74"
"40.2833","-111.6889","1"
"33.3920","-111.6901","4"
"40.2787","-111.6964","347"
"33.4735","-111.7075","18"
"40.3715","-111.7271","25"
"40.3076","-111.7379","516"
"33.3111","-111.7408","233"
"33.3782","-111.7417","9"
"43.8361","-111.7805","33"
"43.8252","-111.7839","9"
"33.2780","-111.7907","84"
"34.8629","-111.7970","26"
"33.3288","-111.7981","30"
"33.3842","-111.8043","103"
"39.7115","-111.8139","2"
"40.3786","-111.8184","302"
"41.7532","-111.8296","179"
"41.7114","-111.8309","172"
"41.7742","-111.8357","3"
"41.7311","-111.8357","6"
"40.6667","-111.8362","157"
"33.2343","-111.8391","70"
"33.3062","-111.8416","8"
"40.6112","-111.8561","172"
"40.7222","-111.8580","136"
"33.4355","-111.8630","205"
"40.4242","-111.8840","2"
"40.4239","-111.8852","707"
"33.5415","-111.8855","96"
"40.7632","-111.8874","148"
"40.7003","-111.8874","364"
"40.5305","-111.8894","208"
"40.5818","-111.8895","669"
"40.9199","-111.8931","387"
"33.6272","-111.8946","29"
"40.7546","-111.8962","18"
"33.2988","-111.8992","327"
"33.4335","-111.9011","290"
"40.7660","-111.9036","2"
"40.7662","-111.9036","254"
"40.9824","-111.9070","202"
"33.3479","-111.9089","7"
"40.3756","-111.9231","165"
"33.5844","-111.9231","101"
"33.3786","-111.9247","46"
"33.5047","-111.9275","230"
"33.4239","-111.9322","78"
"33.6587","-111.9325","199"
"40.5845","-111.9359","84"
"41.0353","-111.9388","4"
"40.6512","-111.9423","72"
"40.6938","-111.9567","141"
"33.3854","-111.9659","232"
"41.2871","-111.9679","112"
"33.6758","-111.9711","100"
"41.2246","-111.9716","636"
"33.3168","-111.9773","127"
"40.5400","-111.9804","528"
"41.0800","-111.9805","191"
"41.0799","-111.9805","149"
"41.1951","-111.9822","287"
"40.6192","-111.9837","409"
"43.4733","-111.9848","100"
"43.4812","-111.9926","27"
"40.7139","-112.0210","69"
"41.4780","-112.0226","39"
"33.5093","-112.0278","59"
"46.5960","-112.0325","61"
"46.5858","-112.0356","5"
"33.0269","-112.0479","27"
"33.4482","-112.0664","1"
"33.4533","-112.0716","28"
"41.0900","-112.0729","36"
"33.5211","-112.0966","61"
"33.7155","-112.1146","216"
"33.5738","-112.1220","15"
"33.6662","-112.1240","111"
"33.5240","-112.1774","9"
"33.6427","-112.2259","32"
"33.6306","-112.2389","159"
"33.5352","-112.2613","71"
"33.5547","-112.2704","45"
"33.4667","-112.2804","33"
"40.5595","-112.2971","15"
"40.5327","-112.3011","4"
"34.5858","-112.3412","31"
"33.6073","-112.3591","30"
"33.4675","-112.3814","246"
"34.5461","-112.4367","66"
"42.9120","-112.4723","134"
"45.9802","-112.5070","2"
"46.1278","-112.9531","2"
"37.6573","-113.0820","75"
"37.1754","-113.3039","31"
"37.1222","-113.5334","221"
"37.1264","-113.6044","202"
"42.5620","-113.7867","19"
"46.8647","-113.9973","8"
"46.8451","-114.0286","15"
"35.2411","-114.0397","8"
"46.8871","-114.0432","19"
"36.8045","-114.0909","8"
"47.6916","-114.1639","8"
"48.2346","-114.3268","46"
"34.4692","-114.3418","24"
"34.5690","-114.3683","7"
"42.5940","-114.4537","324"
"35.1666","-114.5728","10"
"35.1618","-114.5750","2"
"32.7047","-114.6023","39"
"32.7249","-114.6178","18"
"35.0157","-114.6433","3"
"36.0243","-114.9671","49"
"36.0612","-115.0418","144"
"36.1128","-115.0623","59"
"36.0722","-115.0789","186"
"36.1343","-115.0845","27"
"36.0211","-115.0913","127"
"36.1013","-115.1026","1"
"36.2380","-115.1223","147"
"36.2010","-115.1263","54"
"36.1238","-115.1351","24"
"36.1618","-115.1488","6"
"36.1442","-115.1741","78"
"36.2941","-115.1746","82"
"36.0117","-115.1758","219"
"36.0683","-115.1785","221"
"36.2028","-115.1941","14"
"36.1140","-115.1959","109"
"36.1023","-115.2019","191"
"36.2085","-115.2290","104"
"36.2493","-115.2436","186"
"36.1692","-115.2910","188"
"36.1472","-115.3004","1"
"36.1532","-115.3225","87"
"36.1555","-115.3327","152"
"32.6964","-115.5010","4"
"32.7619","-115.5293","32"
"32.8210","-115.5711","11"
"40.8329","-115.7601","2"
"40.8352","-115.7947","1"
"43.6150","-116.2024","2"
"43.6108","-116.2052","34"
"43.6673","-116.2750","4"
"43.5891","-116.2778","173"
"33.7088","-116.2928","46"
"43.6216","-116.3490","117"
"43.6678","-116.3523","111"
"43.5923","-116.3688","200"
"33.8014","-116.3922","17"
"33.7396","-116.4097","24"
"33.7811","-116.4631","142"
"33.8200","-116.5212","2"
"33.8228","-116.5397","27"
"43.6047","-116.6000","62"
"43.6098","-116.6057","3"
"43.6648","-116.6868","40"
"47.7473","-116.7901","13"
"47.6950","-116.8055","60"
"33.9253","-116.8774","1"
"32.7374","-116.9421","27"
"44.0218","-116.9463","8"
"33.9223","-116.9544","24"
"33.7716","-116.9553","145"
"32.8445","-116.9588","1"
"32.6257","-116.9661","5"
"32.8052","-116.9678","34"
"46.7215","-116.9831","78"
"46.3999","-116.9905","99"
"33.7459","-116.9971","72"
"46.7307","-117.0012","1"
"34.8946","-117.0024","1"
"32.7785","-117.0065","52"
"32.6382","-117.0191","10"
"32.5797","-117.0343","5"
"32.9563","-117.0391","19"
"32.6537","-117.0551","24"
"32.9812","-117.0842","160"
"32.5765","-117.0865","1"
"33.1216","-117.0870","25"
"32.6289","-117.0886","28"
"32.9152","-117.1176","141"
"32.7688","-117.1232","160"
"33.5043","-117.1496","92"
"32.7115","-117.1517","19"
"33.5251","-117.1524","171"
"32.7699","-117.1591","27"
"33.5195","-117.1595","26"
"32.7493","-117.1598","58"
"46.7124","-117.1639","158"
"32.7674","-117.1660","163"
"32.7107","-117.1686","2"
"34.4715","-117.1767","3"
"32.6885","-117.1786","19"
"34.0584","-117.1851","21"
"33.5637","-117.2022","680"
"32.8292","-117.2054","65"
"34.0738","-117.2062","309"
"34.2477","-117.2071","7"
"47.6732","-117.2119","49"
"32.9531","-117.2147","85"
"32.7386","-117.2149","96"
"33.2960","-117.2225","1"
"33.8023","-117.2283","43"
"32.8658","-117.2334","97"
"33.0828","-117.2341","45"
"34.1379","-117.2436","6"
"33.2002","-117.2443","78"
"34.4674","-117.2525","37"
"33.1053","-117.2583","45"
"33.9365","-117.2658","7"
"33.9397","-117.2722","144"
"32.8423","-117.2766","24"
"33.2449","-117.2939","19"
"34.1073","-117.2950","43"
"33.6534","-117.2958","41"
"34.4269","-117.3221","8"
"33.1787","-117.3268","97"
"33.9149","-117.3302","631"
"34.4747","-117.3483","37"
"33.1951","-117.3799","7"
"33.9557","-117.3922","203"
"34.1354","-117.3981","99"
"47.7721","-117.4010","149"
"47.6590","-117.4119","9"
"47.7022","-117.4125","116"
"47.6592","-117.4239","68"
"34.0064","-117.4246","5"
"47.6936","-117.4257","1"
"33.9095","-117.4375","5"
"34.0684","-117.4388","8"
"33.9128","-117.4576","113"
"33.9764","-117.4592","20"
"33.8139","-117.5097","99"
"33.8229","-117.5160","82"
"34.1129","-117.5323","122"
"34.0759","-117.5486","196"
"33.9759","-117.5516","28"
"34.0748","-117.5523","207"
"47.6572","-117.5628","17"
"34.1100","-117.5717","8"
"33.6411","-117.5953","76"
"33.5011","-117.6633","18"
"33.6767","-117.6686","177"
"34.0861","-117.6712","17"
"33.5612","-117.6714","112"
"35.6499","-117.6716","61"
"34.0346","-117.6848","7"
"33.5560","-117.6852","106"
"34.0873","-117.6934","46"
"33.4923","-117.6967","63"
"34.0954","-117.7203","16"
"33.5766","-117.7270","184"
"34.0127","-117.7385","77"
"33.6519","-117.7454","142"
"34.1131","-117.7683","43"
"33.8610","-117.7918","30"
"33.7230","-117.7928","22"
"33.6776","-117.7998","5"
"33.8902","-117.8120","17"
"33.6967","-117.8312","131"
"34.1171","-117.8361","35"
"33.6500","-117.8384","15"
"33.7480","-117.8654","26"
"33.7763","-117.8693","6"
"33.8092","-117.8705","118"
"33.6127","-117.8785","35"
"33.6164","-117.8788","16"
"33.6948","-117.8889","35"
"34.1277","-117.8920","23"
"33.7827","-117.8933","192"
"33.6896","-117.8940","44"
"33.9189","-117.8998","34"
"34.1051","-117.9075","22"
"33.8059","-117.9145","13"
"33.8617","-117.9204","123"
"34.0707","-117.9235","16"
"33.9946","-117.9287","83"
"33.9185","-117.9606","30"
"33.7886","-117.9631","25"
"33.8438","-117.9893","89"
"33.7327","-117.9934","183"
"33.8600","-117.9961","13"
"34.1477","-118.0007","61"
"33.8970","-118.0055","11"
"33.7591","-118.0104","9"
"33.7865","-118.0292","19"
"33.9779","-118.0372","50"
"34.1353","-118.0487","69"
"33.8714","-118.0592","41"
"33.9134","-118.0711","89"
"33.8306","-118.0868","97"
"34.0037","-118.0897","50"
"45.3276","-118.0927","17"
"34.0337","-118.0928","35"
"33.8617","-118.0949","103"
"34.1593","-118.0988","1"
"33.7593","-118.1144","170"
"34.0959","-118.1269","95"
"34.0689","-118.1284","68"
"33.9239","-118.1287","36"
"33.9423","-118.1333","7"
"34.1460","-118.1364","48"
"34.6975","-118.1434","16"
"34.1466","-118.1517","124"
"34.0184","-118.1539","13"
"34.6079","-118.1557","61"
"33.9515","-118.1618","23"
"33.9036","-118.1630","6"
"33.9030","-118.1634","3"
"33.7718","-118.1670","5"
"34.7027","-118.1801","213"
"34.1424","-118.1861","1"
"33.7645","-118.1933","69"
"34.1088","-118.1935","21"
"34.2064","-118.2169","108"
"33.9803","-118.2252","1"
"34.0575","-118.2470","13"
"34.0547","-118.2502","1"
"34.1482","-118.2539","168"
"34.1475","-118.2559","84"
"34.1430","-118.2573","338"
"34.0438","-118.2577","11"
"34.0483","-118.2589","75"
"34.0392","-118.2607","1"
"33.8447","-118.2617","27"
"34.0459","-118.2673","43"
"34.0166","-118.2842","1"
"34.0153","-118.2863","1"
"34.1044","-118.2914","278"
"34.0627","-118.3095","8"
"33.7562","-118.3109","4"
"34.1836","-118.3122","89"
"34.1820","-118.3140","339"
"34.1848","-118.3175","46"
"33.8960","-118.3261","2"
"33.7922","-118.3285","39"
"34.0976","-118.3313","15"
"34.0117","-118.3398","89"
"34.1020","-118.3410","153"
"34.1014","-118.3421","31"
"34.0763","-118.3458","382"
"33.8338","-118.3477","65"
"34.0871","-118.3499","1"
"46.0568","-118.3546","68"
"34.0719","-118.3578","395"
"33.8719","-118.3580","78"
"34.0626","-118.3581","7"
"34.1389","-118.3617","141"
"34.0820","-118.3618","54"
"34.0973","-118.3649","34"
"33.7720","-118.3739","20"
"34.1661","-118.3750","145"
"34.0653","-118.3779","5"
"34.0287","-118.3783","1"
"34.0669","-118.3912","93"
"33.9780","-118.3917","117"
"34.1808","-118.3947","101"
"33.9183","-118.3967","1"
"34.1871","-118.4128","61"
"34.0595","-118.4128","294"
"33.9775","-118.4165","112"
"33.9860","-118.4400","48"
"33.9869","-118.4408","31"
"34.0591","-118.4434","37"
"34.0616","-118.4467","12"
"34.0627","-118.4471","8"
"34.0626","-118.4472","12"
"34.0465","-118.4480","57"
"34.2142","-118.4487","26"
"34.0453","-118.4525","55"
"34.4146","-118.4629","26"
"34.1538","-118.4662","192"
"34.0148","-118.4949","32"
"34.0317","-118.4956","32"
"34.0166","-118.4977","73"
"34.2568","-118.4991","43"
"34.0154","-118.5001","78"
"34.1600","-118.5079","70"
"34.0482","-118.5252","8"
"34.3818","-118.5290","30"
"34.4192","-118.5417","87"
"34.2771","-118.5742","78"
"34.1923","-118.6255","101"
"34.1533","-118.6458","4"
"45.6472","-118.6791","48"
"34.2847","-118.7216","73"
"34.1442","-118.7573","155"
"34.2849","-118.7721","68"
"39.4742","-118.7769","4"
"34.1579","-118.8230","56"
"34.1829","-118.8788","36"
"34.1826","-118.8793","1"
"34.1816","-118.8825","74"
"37.6389","-118.9646","5"
"34.2156","-119.0042","97"
"35.3694","-119.0133","42"
"36.0783","-119.0365","66"
"35.3693","-119.0483","44"
"34.2181","-119.0632","54"
"34.3464","-119.0816","22"
"35.3421","-119.1039","85"
"35.3850","-119.1120","116"
"46.1826","-119.1721","284"
"46.8275","-119.1754","2"
"34.2397","-119.1756","136"
"34.1983","-119.1792","33"
"46.2728","-119.1827","106"
"34.2601","-119.2298","3"
"46.2247","-119.2324","68"
"35.7469","-119.2408","15"
"47.1340","-119.2676","155"
"36.3297","-119.2910","66"
"34.2809","-119.2922","120"
"45.8558","-119.2940","31"
"46.2534","-119.3121","545"
"36.3005","-119.3169","39"
"36.2286","-119.3431","244"
"36.5386","-119.3892","24"
"48.4095","-119.5285","1"
"47.3243","-119.5491","15"
"36.5730","-119.6246","7"
"36.8078","-119.6670","124"
"36.3268","-119.6704","55"
"34.4393","-119.6936","42"
"34.4183","-119.6974","88"
"34.4194","-119.6997","115"
"34.4209","-119.7010","55"
"34.4247","-119.7062","29"
"36.8132","-119.7105","103"
"36.8058","-119.7122","14"
"39.5308","-119.7204","220"
"34.4347","-119.7460","36"
"39.4032","-119.7481","192"
"39.5365","-119.7587","132"
"36.2385","-119.7653","12"
"39.1311","-119.7733","167"
"39.5392","-119.7760","1"
"39.5254","-119.7795","1"
"38.9628","-119.7809","16"
"36.3029","-119.7858","92"
"36.7817","-119.7863","84"
"39.5052","-119.7882","83"
"36.8493","-119.7904","75"
"39.5260","-119.8111","44"
"34.4431","-119.8311","53"
"34.4280","-119.8717","168"
"36.8302","-119.9073","42"
"38.9555","-119.9422","106"
"39.2496","-119.9526","5"
"46.3085","-119.9764","22"
"47.8399","-120.0196","1"
"36.9759","-120.0768","62"
"39.2753","-120.1208","3"
"47.4241","-120.3121","58"
"47.4683","-120.3313","218"
"36.1395","-120.3597","2"
"37.9735","-120.3663","34"
"34.9338","-120.4197","1"
"34.9499","-120.4406","113"
"34.6567","-120.4606","38"
"46.5728","-120.4816","10"
"37.3011","-120.4819","49"
"46.6013","-120.5037","39"
"46.6206","-120.5275","21"
"46.9835","-120.5408","1"
"38.0707","-120.5414","17"
"41.4835","-120.5429","2"
"35.1186","-120.5940","4"
"35.1269","-120.5966","71"
"40.4183","-120.6597","19"
"40.4194","-120.6636","25"
"35.2815","-120.6640","55"
"35.4874","-120.6652","134"
"35.4873","-120.6655","3"
"35.6268","-120.6822","186"
"37.0655","-120.8361","43"
"38.7318","-120.8371","2"
"35.3656","-120.8481","7"
"37.4939","-120.8753","37"
"37.7334","-120.9512","302"
"37.6959","-120.9977","68"
"37.6402","-121.0016","14"
"39.2524","-121.0264","6"
"39.2320","-121.0357","4"
"38.6570","-121.0460","111"
"39.2173","-121.0631","11"
"38.6491","-121.1214","21"
"38.6483","-121.1223","112"
"44.6323","-121.1284","6"
"44.2738","-121.1746","5"
"44.2528","-121.1847","2"
"38.6415","-121.1911","125"
"38.8036","-121.2073","49"
"45.6163","-121.2141","16"
"37.7808","-121.2294","96"
"38.7570","-121.2585","90"
"38.7748","-121.2703","178"
"38.1356","-121.2738","191"
"37.9549","-121.2898","97"
"38.7974","-121.2937","206"
"38.0121","-121.2939","9"
"44.0575","-121.3133","3"
"44.0444","-121.3142","149"
"38.6803","-121.3357","238"
"38.5663","-121.3395","23"
"38.6229","-121.3702","139"
"36.8498","-121.3964","26"
"38.5936","-121.4183","327"
"38.4393","-121.4235","85"
"37.7607","-121.4589","269"
"38.5784","-121.4903","8"
"38.5616","-121.4933","105"
"38.5792","-121.4934","2"
"38.4653","-121.4940","212"
"38.5811","-121.5012","1"
"38.5817","-121.5013","191"
"38.6345","-121.5031","141"
"45.7087","-121.5117","3"
"45.7100","-121.5153","9"
"44.2852","-121.5343","11"
"36.9978","-121.5682","76"
"39.4909","-121.5744","35"
"37.1173","-121.6311","77"
"39.1293","-121.6379","164"
"36.6764","-121.6551","16"
"36.7157","-121.6607","37"
"38.5469","-121.7239","88"
"38.5467","-121.7396","25"
"38.5432","-121.7405","21"
"37.9458","-121.7430","115"
"37.6834","-121.7668","152"
"37.6799","-121.7746","35"
"38.6771","-121.7773","92"
"36.9163","-121.7860","21"
"47.4960","-121.7868","1"
"42.2456","-121.7907","80"
"36.6647","-121.8128","34"
"37.3253","-121.8152","232"
"37.2799","-121.8433","22"
"39.7600","-121.8466","233"
"38.0088","-121.8468","31"
"37.2514","-121.8628","460"
"37.2904","-121.8803","29"
"37.3324","-121.8860","1"
"37.7031","-121.8875","564"
"37.3318","-121.8898","2"
"37.4192","-121.8956","946"
"36.5839","-121.8960","122"
"37.4266","-121.9094","1"
"37.3332","-121.9145","2"
"37.2880","-121.9338","54"
"37.7689","-121.9375","256"
"37.3253","-121.9478","347"
"37.3190","-121.9483","75"
"37.2786","-121.9510","21"
"36.9718","-121.9670","63"
"37.4997","-121.9732","392"
"47.8658","-121.9782","81"
"37.5540","-121.9795","459"
"37.3892","-121.9830","658"
"37.2239","-121.9837","4"
"38.3533","-121.9847","240"
"37.2887","-121.9900","215"
"37.5273","-122.0012","251"
"47.5438","-122.0186","148"
"36.9725","-122.0254","27"
"36.9726","-122.0275","1"
"37.0481","-122.0276","57"
"37.3740","-122.0309","477"
"37.9762","-122.0388","138"
"38.2606","-122.0569","149"
"37.9707","-122.0587","93"
"37.8965","-122.0619","284"
"37.9444","-122.0620","314"
"37.5993","-122.0676","823"
"37.4144","-122.0812","341"
"37.6735","-122.0813","89"
"37.6951","-122.0832","5"
"37.6507","-122.1008","61"
"37.4049","-122.1094","265"
"37.9939","-122.1188","61"
"47.6708","-122.1211","90"
"47.6807","-122.1229","193"
"37.6993","-122.1233","119"
"37.8605","-122.1269","14"
"47.6210","-122.1290","203"
"47.1662","-122.1538","20"
"47.7559","-122.1566","198"
"37.4450","-122.1637","23"
"48.0836","-122.1687","62"
"47.5791","-122.1702","153"
"47.7127","-122.1800","253"
"37.8788","-122.1821","33"
"47.6168","-122.2010","526"
"47.6146","-122.2034","168"
"47.4988","-122.2034","138"
"47.7626","-122.2082","7"
"47.9091","-122.2139","138"
"47.9116","-122.2149","2"
"38.1313","-122.2187","208"
"40.1670","-122.2275","17"
"37.4858","-122.2286","146"
"47.3848","-122.2363","130"
"47.2994","-122.2410","72"
"37.7646","-122.2434","91"
"37.8115","-122.2477","89"
"37.8273","-122.2510","90"
"37.8567","-122.2533","88"
"47.4426","-122.2584","1"
"47.4583","-122.2586","314"
"37.8708","-122.2664","5"
"37.8140","-122.2675","87"
"47.8275","-122.2755","261"
"37.7961","-122.2776","91"
"38.2830","-122.2785","53"
"47.8326","-122.2802","147"
"47.5592","-122.2857","44"
"47.5641","-122.2884","5"
"40.4373","-122.2905","14"
"37.8330","-122.2920","346"
"47.1354","-122.2935","81"
"47.1591","-122.2971","15"
"45.4031","-122.2981","8"
"37.8904","-122.2982","21"
"37.9019","-122.3028","24"
"47.6132","-122.3051","13"
"47.3133","-122.3076","200"
"47.6607","-122.3133","11"
"47.7789","-122.3147","114"
"47.6648","-122.3154","28"
"41.3097","-122.3167","5"
"47.6144","-122.3172","8"
"47.6614","-122.3183","165"
"37.9818","-122.3198","91"
"47.6151","-122.3218","22"
"47.7490","-122.3242","15"
"37.5663","-122.3249","230"
"47.7030","-122.3257","369"
"40.5922","-122.3284","203"
"48.2370","-122.3285","13"
"47.6129","-122.3353","290"
"48.4637","-122.3394","32"
"47.6142","-122.3414","2"
"47.7019","-122.3427","149"
"47.6148","-122.3492","1"
"47.6198","-122.3528","9"
"47.6235","-122.3572","75"
"47.8108","-122.3778","7"
"47.6689","-122.3841","92"
"47.5826","-122.3864","110"
"45.5173","-122.4008","34"
"37.7844","-122.4034","439"
"45.5857","-122.4048","2"
"45.5366","-122.4073","2"
"37.7840","-122.4077","150"
"37.7650","-122.4101","77"
"37.6380","-122.4178","248"
"37.7650","-122.4189","3"
"37.7562","-122.4213","359"
"37.7816","-122.4220","81"
"45.4986","-122.4269","2"
"37.7849","-122.4325","364"
"45.5083","-122.4327","1"
"37.8004","-122.4385","56"
"47.2579","-122.4446","41"
"37.7884","-122.4467","24"
"48.7703","-122.4492","208"
"37.7996","-122.4600","100"
"37.7034","-122.4656","409"
"47.1797","-122.4682","54"
"37.7290","-122.4764","498"
"38.3094","-122.4772","6"
"48.7516","-122.4802","23"
"37.7824","-122.4829","19"
"47.2716","-122.4887","4"
"45.5058","-122.4926","66"
"37.7759","-122.4980","31"
"47.8006","-122.4994","3"
"47.2989","-122.5044","92"
"45.6126","-122.5067","121"
"47.1622","-122.5126","53"
"47.6273","-122.5216","37"
"37.9733","-122.5313","10"
"38.0187","-122.5342","83"
"37.9370","-122.5351","5"
"38.0028","-122.5450","112"
"45.7684","-122.5456","40"
"37.9064","-122.5469","6"
"47.6040","-122.5475","3"
"45.6166","-122.5506","40"
"38.0950","-122.5592","104"
"47.3007","-122.5753","212"
"45.4360","-122.5762","219"
"45.4932","-122.5766","308"
"45.6589","-122.5826","145"
"45.5189","-122.5830","24"
"37.9868","-122.5876","11"
"45.3344","-122.5933","46"
"45.6477","-122.5954","25"
"46.9403","-122.5993","12"
"48.5186","-122.6136","1"
"45.5356","-122.6207","60"
"45.4982","-122.6216","81"
"45.4068","-122.6248","12"
"45.5119","-122.6255","65"
"47.5660","-122.6261","20"
"47.5653","-122.6299","62"
"45.5645","-122.6300","7"
"47.6071","-122.6321","12"
"45.5232","-122.6375","163"
"38.2334","-122.6381","358"
"45.5030","-122.6407","1"
"45.4431","-122.6413","4"
"45.5125","-122.6452","33"
"45.4741","-122.6487","5"
"45.5313","-122.6504","229"
"47.7437","-122.6592","25"
"48.2877","-122.6604","13"
"45.6883","-122.6625","49"
"45.4161","-122.6637","16"
"45.5080","-122.6678","3"
"45.6271","-122.6712","106"
"38.4535","-122.6713","78"
"45.6292","-122.6715","9"
"45.5180","-122.6764","38"
"48.2635","-122.6805","5"
"45.5183","-122.6811","177"
"45.5223","-122.6814","159"
"45.2646","-122.6909","34"
"45.5271","-122.6944","139"
"47.6547","-122.6949","42"
"38.4386","-122.7130","240"
"42.1962","-122.7132","7"
"38.3473","-122.7200","227"
"44.3981","-122.7273","8"
"45.3973","-122.7522","269"
"45.4365","-122.7528","5"
"45.5906","-122.7556","4"
"48.1148","-122.7569","3"
"45.5906","-122.7576","21"
"45.3081","-122.7657","51"
"45.4339","-122.7659","4"
"38.5128","-122.7806","229"
"47.4809","-122.7857","1"
"45.8636","-122.7981","1"
"45.4976","-122.8122","363"
"47.0506","-122.8131","79"
"38.4039","-122.8228","94"
"45.4305","-122.8317","84"
"45.5356","-122.8545","2"
"42.3327","-122.8666","124"
"45.5392","-122.8737","192"
"45.7409","-122.8788","10"
"47.0445","-122.9003","8"
"46.1390","-122.9030","45"
"39.0154","-122.9115","4"
"46.1437","-122.9116","1"
"45.4979","-122.9200","80"
"47.0427","-122.9232","538"
"46.7166","-122.9540","5"
"46.6875","-122.9578","66"
"45.3002","-122.9768","2"
"44.9420","-122.9851","121"
"44.9236","-122.9856","56"
"38.8055","-123.0162","4"
"44.9509","-123.0319","51"
"44.9440","-123.0346","52"
"45.5216","-123.0388","26"
"44.0735","-123.0441","155"
"44.6294","-123.0738","66"
"44.0454","-123.0857","15"
"44.0499","-123.0933","49"
"44.0677","-123.1068","79"
"44.6363","-123.1075","5"
"45.2025","-123.1659","31"
"44.8497","-123.1871","57"
"39.1452","-123.2072","2"
"44.5888","-123.2493","82"
"44.5634","-123.2625","17"
"44.9233","-123.3115","7"
"42.4206","-123.3387","77"
"48.1044","-123.3449","9"
"39.4123","-123.3538","8"
"43.2365","-123.3803","65"
"39.4408","-123.8047","6"
"46.1888","-123.8219","19"
"46.0018","-123.9166","7"
"44.9768","-124.0116","2"
"46.3472","-124.0561","1"
"44.6799","-124.0608","19"
"40.8700","-124.0865","9"
"43.9841","-124.1012","7"
"40.9337","-124.1043","45"
"47.0041","-124.1613","14"
"40.7956","-124.1641","126"
"41.7554","-124.1925","11"
"43.4021","-124.2349","79"
"55.3419","-131.6455","3"
"58.3818","-134.5792","1"
"64.8353","-147.7529","54"
"61.5661","-149.3665","35"
"61.1924","-149.7310","4"
"61.2267","-149.7410","21"
"61.1422","-149.8670","18"
"61.1888","-149.8791","101"
"60.4938","-151.1578","4"
"60.5566","-151.2503","5"
"19.6979","-155.0640","44"
"20.0793","-155.4677","2"
"19.9196","-155.8873","5"
"19.5717","-155.9619","15"
"19.6517","-155.9987","16"
"20.7348","-156.4525","26"
"20.8921","-156.4651","32"
"20.8886","-156.4746","5"
"21.2778","-157.7054","72"
"21.3767","-157.7298","10"
"21.2803","-157.7800","401"
"21.4205","-157.8059","73"
"21.3038","-157.8492","3"
"21.2945","-157.8533","999"
"21.3110","-157.8611","1"
"21.3159","-157.8707","125"
"21.3833","-157.9407","104"
"21.3962","-157.9757","110"
"21.4524","-158.0060","197"
"21.3337","-158.0835","36"
"21.3305","-158.0967","81"
"36.1135",,"108"
"34.2689",,"273"
"40.9181",,"23"
"38.6220",,"212"
"35.3358",,"45"
"40.7162",,"29"
"40.2904",,"216"
"37.5726",,"31"
"34.1116",,"90"
"39.0170",,"80"
"45.6096",,"67"
"42.0427",,"136"
"32.1968",,"130"
"31.3581",,"175"
"43.0546",,"8"
"26.1172",,"47"
